<Addresses>
<Address SecurityAddress="0" CountryDescription="" AddressDetails="" valid_CityStatePCComb="" valid_AddressLine1="" valid_City="" valid_State="" valid_Postcode="" valid_Country="" valid_StreetNo="" valid_StreetName="" valid_StreetType="" valid_AddressType="">
	<AddressID/>
	<OverseasAddress>0</OverseasAddress>
	<!--WR1970 - New tag added for Address type-->
	<AddressType/>
	<AddressLine1/>
	<AddressLine2/>
	<AddressLine3/>
	<!--WR1970 - New tags added for the new fields-->
	<UnitNo/>
	<StreetNo/>
	<StreetName/>
	<StreetType/>
	<City/>
	<State/>
	<Postcode/>
	<Country/>
</Address>
</Addresses>