<AppDetails 
	NominatedBranchName="" 
	valid_NominatedBSB=""
	valid="" 
	validimg="">
		<SourceReferenceKey/>
		<LNUM/>
		<ApplicationNumber/>
		<CompanyNumber>10</CompanyNumber>
		<ReceivedDate/>
		<Source>O</Source>
		<DeliveryMethod>O</DeliveryMethod>
		<ApplicationBSB>0</ApplicationBSB>
		<OriginatorID/>
		<SubOriginatorID/>
		<CPID/>
		<SalaryNumber>0</SalaryNumber>
		<PromptOperator/>
		<PromptDate/>
		<Urgency/>
		<NominatedBSB/>
		<GroupName/>
		<SchemeID>0</SchemeID>
		<SourceRecommendDecline/>
		<Remarks/>
</AppDetails>