<ConstructionDetails>
	<RegisteredBuilder>0</RegisteredBuilder>
	<SimilarProjectInLastTwoYears>0</SimilarProjectInLastTwoYears>
	<FirstTimeBuilder>0</FirstTimeBuilder>
	<WorksInBuildingIndustry>0</WorksInBuildingIndustry>
	<OtherExperience>0</OtherExperience>
	<OtherExperienceDetails>0</OtherExperienceDetails>
	<DetailedCostingsHeld>0</DetailedCostingsHeld>
	<BuilderLicenseHeld>0</BuilderLicenseHeld>
	<ApprovalHeld>0</ApprovalHeld>
	<TOCHeld>0</TOCHeld>
	<ConstructionInsuranceHeld>0</ConstructionInsuranceHeld>
	<SignedFixPriceBuilderContractHeld>0</SignedFixPriceBuilderContractHeld>
	<CashDepositHeld>0</CashDepositHeld>
	<BuildContractAmount>0</BuildContractAmount>
</ConstructionDetails>
