<!--WR3216 - Removed attribute ' valid_MaritalStatus=""' from <Customer> tag Since marital Status field is made non-mandatory -->
<!--WR1970 - added new tags required for Employmetn details and removed tags used fo old employment details tags-->
<!--Card 253 & 254 - added new tags required for Customer-->
<Customer CustomerTypeDescription="" valid_DriversLicenseNumber="" valid_Gender="" GenderDescription="" MaritalStatusDescription="" HousingStatusDescription="" ResidentStatusDescription="" current="" valid="" validimg="" imgPD="" imgAD="" imgED="" imgTD="" valid_CustomerSurname="" valid_CustomerTitle="" valid_CustomerType="" valid_DateOfBirth="" valid_DriversLicenseState="" valid_EmailAddress="" valid_HousingStatus="" valid_MaritalStatus="" valid_AgeOfDependents="" ValCustomerAddresses="" ValEmpTypeCombination="" ContactNosValidated="0" ValTaxResidentsCombination="" valid_ResidentStatus="" valid_VisaSubclass="" valid_PreferredContact="" RelationshipPrimaryBorrowerDescription="" valid_RelationshipPrimaryBorrower="" valid_CustomerMitigants="" valid_CustomerNatureOfChange="" valid_OtherCustomerNatureOfChange="" valid_OtherCustomerMitigants="" valid_TaxResidentAustralia="">
	<CustomerID/>
	<CustomerTitle/>
	<CustomerFirstName/>
	<CustomerMiddleName/>
	<CustomerSurname/>
	<CustomerName>New Entry</CustomerName>
	<PreviousName/>
	<CustomerType/>
	<DateOfBirth/>
	<Gender/>
	<DriversLicenseState/>
	<DriversLicenseNumber/>
	<HousingStatus/>
	<MaritalStatus/>
	<SpouseID>0</SpouseID>
	<SpouseName/>
	<NumberOfDependents>0</NumberOfDependents>
	<AgeOfDependents/>
	<ResidentStatus/>
	<VisaSubclass/>
	<SignFinancecialCircumst/>
	<PermanentResident>0</PermanentResident>
	<NewResident>0</NewResident>
	<NonResident>0</NonResident>
	<CreditAuthorityHeld>0</CreditAuthorityHeld>
	<FIRBApprovalHeld>0</FIRBApprovalHeld>
	<ServiceGuarantor>0</ServiceGuarantor>
	<FinancialAdvReq>0</FinancialAdvReq>
	<LegalAdvReq>0</LegalAdvReq>
	<FinancialLegalAdvReq>0</FinancialLegalAdvReq>
	<CustomerNatureOfChange/>
    	<OtherCustomerNatureOfChange/>
    	<CustomerMitigants/>
    	<OtherCustomerMitigants/>
	<ExistingANZCustomer/>
    	<ExistingCustomerAccountNumber/>
	<FirstTimeHomeBuyer>0</FirstTimeHomeBuyer>
	<ANZEmployee/>
	<DisclosureIndicator>-1</DisclosureIndicator>
	<AdvertisingIndicator>-1</AdvertisingIndicator>
	<BranchNumber>0</BranchNumber>
	<CPID/>
	<PreferredContact/>
	<HomePhoneNumber/>
	<HomePhonePreferred/>
	<BusinessPhoneNumber/>
	<BusinessPhonePreferred/>
	<MobilePhoneNumber/>
	<MobilePhonePreferred/>
	<FaxNumber/>
	<FaxPreferred/>
	<EmailAddress/>	
    	<EmailAddressPreferred/>	
	<SecurityCode/>
	<MailingTitle/>
	<Salutation/>
	<StatementOfPositionSigned/>
	<StatementOfPositionID/>
	<CustomerAddresses>
		<CustomerAddress AddressDetails="" Linked="0" TypeDescription="" validimg="" valid_MonthsAtAddress="">
			<AddressID/>
			<Type/>
			<YearsAtAddress/>
			<MonthsAtAddress/>
		</CustomerAddress>
	</CustomerAddresses>
	<CustomerEmployments>
		<EmploymentDetails EmployerName="" EmploymentStatus="" YearsAtEmp="" MonthsAtEmp="" EmploymentTypeDescription="" OccupationGroupDescription="" OccupationCodeDescription="" EmployerTypeDescription="" valid_EmploymentType="" valid_EmployerType="" valid_OccupationCode="" valid_EmployerName="" valid_EmployerAddress1="" valid_MonthsInEmployment="" valid_GrossMonthlyIncome="" valid_NetMonthlyIncome="" validimage=""/>
	</CustomerEmployments>
	<RelationshipPrimaryBorrower/>
	<TaxResidentAustralia/>
	<TaxResidents>
		<TaxResidentDetails TaxCountry="" TINNo="" Reason="" Explanation="" validimage="">
		</TaxResidentDetails>
	</TaxResidents>
	<RelatedCustomers>
		<RelatedCustomer CustomerName="" CustomerType ="" Linked="0">
			<CustomerID1/>
			<CustomerID2/>
			<Relationship/>
		</RelatedCustomer>
	</RelatedCustomers>
</Customer>
