<EmploymentDetails EmployerName="" EmploymentStatus="" YearsAtEmp="" MonthsAtEmp="" EmploymentTypeDescription="" OccupationGroupDescription="" OccupationCodeDescription="" CountryDescription="" valid_EmploymentStatusDesc="" EmployerTypeDescription="" valid_EmploymentType="" valid_EmployerType="" valid_OccupationCode="" valid_EmployerName="" valid_EmployerAddress1="" valid_MonthsInEmployment="" valid_GrossMonthlyIncome="" valid_NetMonthlyIncome="" validimage="" valid_EmployerCityStatePCComb="" valid_EmployerCity="" valid_EmployerState="" valid_EmployerPostcode="" valid_EmployerPhoneNumber="" valid_EmployerCountry="">
	<EmploymentStatusDesc/>
	<EmploymentType/>
	<EmployerType/>
	<PrimaryEmployment/>
	<OccupationGroup/>
	<OccupationCode/>
	<PreviousEmployment/>
	<YearsInEmployment>0</YearsInEmployment>
	<MonthsInEmployment>0</MonthsInEmployment>
	<EmployerName/>
	<EmployerAddress1/>
	<EmployerAddress2/>
	<EmployerAddress3/>
	<EmployerOverseasAddress/>
	<EmployerCountry/>
	<EmployerCity/>
	<EmployerState/>
	<EmployerPostcode/>
	<EmployerPhoneNumber/>
	<EmployerFaxNumber/>
	<GrossMonthlyIncome>0</GrossMonthlyIncome>
	<NetMonthlyIncome>0</NetMonthlyIncome>
	<IncomeVerified>0</IncomeVerified>
	<ProbationaryPeriod>0</ProbationaryPeriod>
	<ANZStaff>0</ANZStaff>
</EmploymentDetails>
