<IDN valid_InterviewCustomers="" valid_DateOfInterview="" valid_ClearlyUnderstandEnglish="" valid_InterpreterRecommended="" valid_ClearlyBenefit="" valid_BenefitEnquiries="" valid_DuressOrDisability="" valid_UnsureAboutLoan="" valid_UnableToComprehend="" valid_AnyGuarantors="" valid_AdvisedLawyerFinancialCounsellor="">
	<InterviewCustomers>
		<Customer CustomerName="">
			<CustomerID/>
			<PresentAtInterview>0</PresentAtInterview>
		</Customer>
	</InterviewCustomers>
	<CustomerSignedID/>
	<LocationOfInterview/>
        <AnzMobileVendersName/>
	 <TPMI/>
	<DateOfInterview/>
	<ClearlyUnderstandEnglish/>
	<InterpreterRecommended/>
	<ClearlyBenefit/>
	<BenefitEnquiries/>
	<DuressOrDisability/>
	<UnsureAboutLoan/>
	<UnableToComprehend/>
	<AnyGuarantors/>
	<AdvisedLawyerFinancialCounsellor/>
	<BookletAccountFeesCharges/>
	<BreakfreeTermsConditions/>
	<BookletTermsConditions/>
	<PortfolioTermsConditions/>
	<!--WR1970 - Commented to remove the "Notes" section from IDN page - Start-->
	<!--<Notes/>-->
	<!--WR1970 - Commented to remove the "Notes" section from IDN page - End-->
</IDN>
