<MIG valid_IsRefinanceLoan="" valid_ReasonForRefinance="" valid_OtherRefinanceReason="" valid_IsPayoutQuoteFromOFI=""  valid_IsCustomerHasOtherIncome=""  valid_IsChangeInFinancialStatus="" valid_ChangeInFinancialStatus="" valid_RepaymentPlan="" valid_RepaymentPlanText="" valid_IsLoanForInvestment="" valid_IsInvestmentAsSecurity=""  valid_MobileLenderName="" valid_CustLoanPurposeDecl = "" imgObj="" imgRef="" imgFC="" imgFI="" valid="" validimg="">
	<Objective/>
	<DescforInterestRatePreference/>
	<InterestRatePreference/>
	<DescforRepaymentPreference/>
	<RepaymentPreference/>
	<DescforAccessToFundsPreference/>
	<AccessToFundsPreference/>
	<Comments/>
	<IsRefinanceLoan>1</IsRefinanceLoan>
	<ReasonForRefinance/>
	<OtherRefinanceReason/>
	<IsPayoutQuoteFromOFI>1</IsPayoutQuoteFromOFI>
	<CurrentOutstandingBalance>0</CurrentOutstandingBalance>
	<AccruredInterest>0</AccruredInterest>
	<OFIRefinanceCost>0</OFIRefinanceCost>
	<OtherBankFee>0</OtherBankFee>
	<OtherCost>0</OtherCost>
	<TotalAmountToRefinance>0</TotalAmountToRefinance>
	<RefinanceComments/>
	<IsCustomerHasOtherIncome/>
	<IsChangeInFinancialStatus>1</IsChangeInFinancialStatus>
	<ChangeInFinancialStatus/>
	<RepaymentPlan/>
	<RepaymentPlanText/>
	<IsLoanForInvestment>1</IsLoanForInvestment>
	<IsInvestmentAsSecurity>1</IsInvestmentAsSecurity>
	<Conclusion/>
  	<MobileLenderName/>
<!--	<ReasonForInterestOnly/>
	<OtherReasonIntOnly/> valid_ReasonForInterestOnly="" valid_OtherReasonIntOnly=""-->
	<CustLoanPurposeDecl/>
  </MIG>
