<Packages valid_HaveBreakFreePackage="" valid_UseExistingPackage="" valid_RequireNewPackage="" valid_PrimaryCardHolder="" valid_BreakFreeType="" valid_BreakFreeCard="" valid_BreakFreeAmount="" valid_AnzBlockCardDec="" valid_CreditCardType=""
valid_RequireANZAssuredFacility="" valid_AssuredCoverTemporaryExpense="" valid_AssuredFacilitySelected="" valid_AssuredConsentToBeConsidered="" valid_AdditionalCardHolderDateOfBirth="" valid_AdditionalCardHolder="" valid_RequireCreditCard="">
	<HaveBreakFreePackage/>
	<UseExistingPackage/>
	<RequireNewPackage/>
	<DiscountPackage/>
	<DiscountPackageDescription/>
	<PrimaryCardHolder/>
	<PrimaryCardHolderName/>
	<AdditionalCardHolderCustID/>
	<AdditionalCardHolder/>
	<AdditionalCardHolderTitle/>
	<AdditionalCardHolderFirstName/>
	<AdditionalCardHolderMiddleName/>
	<AdditionalCardHolderSurname/>
	<AdditionalCardHolderDateOfBirth/>
	<BreakFreeType/>
	<BreakFreeCard/>
	<BreakFreeAmount>0</BreakFreeAmount>
	<QantasCardNumber/>
	<AccountType/>	
	<AccountNumber/>
	<ChargeFeeToThisAccount/>
	<AnzBlockCardDec/>
	<CreditCardType/>
	<RequireANZAssuredFacility/>
	<AssuredCoverTemporaryExpense/>
	<AssuredFacilitySelected/>
	<AssuredConsentToBeConsidered/>
	<RequireCreditCard/>
	<TransactionCustomers>
		<Customer CustomerName="">
			<CustomerID/>
			<TransactionAccountHolder>0</TransactionAccountHolder>
		</Customer>
	</TransactionCustomers>
</Packages>