<Portfolio PfSummaryDescription="" PfSummaryDetails="" PortfolioAmount="0" valid_PfPurposeCategory="" valid_PfPurpose="" valid_PortfolioAmount="" valid_PfPurposeDesc="" valid_PfLimitEndDate="" valid_PfDescriptor="" valid_PfPackageTier="" validimage="" PortfolioAmountFormatted="$0">
	<PfPurposeCategory/>
	<PfPurpose/>
	<PfPurposeDesc/>
	<PfPackageTier>012</PfPackageTier>
	<PfDiscountPackage/>
	<PfNominatedBorrower/>
	<PfNoEndDate/>
	<PfLimitEndDate/>
	<PfDescriptor/>
	<PfAccountName1/>
	<PfAccountName2/>
	<PfAccountName3/>
</Portfolio>
