<Product ProductCodeDescription="New Entry" ProductAmount="$0" valid="" validimg="" valid_SubProductCode="" valid_LoanDetails="" valid_RelatedCustomers="" imgPrRelCus="">
	<ProductID/>
	<ProductCode/>
	<SubProductCode/>
	<Regulated>0</Regulated>
	<LoDocApplication>0</LoDocApplication>
	<CreditRisk/>
	<CPID/>
	<BranchNumber>0</BranchNumber>
	<SolicitationID/>
	<SolicitationNumber/>
	<AccountNumber/>
	<ShortName/>
	<AccountName1/>
	<AccountName2/>
	<AccountName3/>
	<AccountDescriptor/>
	<AddressID/>
	<MailingTitle1/>
	<MailingTitle2/>
	<LoanDetails/>
	<DepositDetails/>
	<NominatedBorrower/>
	<RelatedCustomers/>
</Product>
