<LoanDetails LoanTermYY="0" LoanTermMM="0" FixedRateTermYY="0" FixedRateTermMM="0" InterestOnlyTermYY="0" InterestOnlyTermMM="0" PaymentFrequencyDescription="" PaymentMethodDescription="" valid_AmountSought="" valid_AmountThisAdvance="" valid_LoanTerm="" valid_FixedRateTerm="" valid_InterestOnlyTerm="" valid_OffsetReqd="" valid_OffsetAccNo="" valid_ReasonForInterestOnly="" valid_OtherReasonForInterestOnly="">
	<AmountSought>0</AmountSought>
	<AmountThisAdvance>0</AmountThisAdvance>
	<ProgressiveDraw>0</ProgressiveDraw>
	<FixedToFixedIndicator/>
	<LoanTerm>0</LoanTerm>
	<FixedRateTerm>0</FixedRateTerm>
	<InterestOnlyTerm>0</InterestOnlyTerm>
	<StatementMailingCode/>
	<StatementFrequency/>
	<StatementCycleCode/>
	<FixedRateIndex/>
	<FixedRateMarginOverride/>
	<VariableRateIndex/>
	<VariableRateMarginOverride/>
	<VariableRateSubsequentMarginOverride/>
	<MarginOverrideReason/>
	<InterestFrequency/>
	<InterestCycleCode/>
	<InterestChargingMethod/>
	<InterestProduct/>
	<InterestAccountNumber/>
	<FinanceBankFees>0</FinanceBankFees>
	<FinanceGovernmentSecurityFees>0</FinanceGovernmentSecurityFees>
	<FinanceMortgageInsurancePremium>0</FinanceMortgageInsurancePremium>
	<OngoingFeeChargingMethod/>
	<OngoingFeeProduct/>
	<OngoingFeeAccountNumber/>
	<PaymentFrequency/>
	<PaymentCycleCode/>
	<PaymentMethod/>
	<DirectPaymentProduct/>
	<DirectPaymentAccountNumber/>
	<CustomerRequestedPaymentAmount>0</CustomerRequestedPaymentAmount>
	<DebitTransferProduct/>
	<DebitTransferAccountNumber/>
	<OngoingFeeCode/>
	<OngoingFeeExempt/>
	<StaffSalaryNumber>0</StaffSalaryNumber>
	<StaffJoinDate/>
	<StaffLevel/>
	<HoldRateIndicator/>
	<RateHeldUntil/>
	<DirectPaymentAmount>0</DirectPaymentAmount>
	<DirectPaymentCheckBalance/>
	<DirectPayments/>
	<OffsetReqd/>
	<OffsetAccNo/>
	<ReasonForInterestOnly/>
	<OtherReasonForInterestOnly/>
</LoanDetails>
