<DepositDetails NumberOfSignaturesDescription="" ATOTypeDescription="" valid_LimitAmount="" valid_LimitStartDate="" valid_LimitEndDate="" valid_ATOType="" valid_PortfolioPrimaryAccount="">
	<LimitAmount>0</LimitAmount>
	<LimitStartDate/>
	<LimitEndDate/>
	<NoEndDateYN>-1</NoEndDateYN>
	<NumberOfSignatures>1</NumberOfSignatures>
	<ATOType/>
	<StatementMailingCode/>
	<StatementFrequency/>
	<DebitInterestCode/>
	<DebitInterestCycleCode/>
	<DebitInterestMargin/>
	<DebitInterestPaymentMethod/>
	<DebitInterestProduct/>
	<DebitInterestAccountNumber/>
	<ServiceChargeTypeCode/>
	<ServiceChargeCycleCode/>
	<ServiceChargeExemptionCode/>
	<ServiceChargeExemptionExpiryDate/>
	<ServiceChargePaymentMethod/>
	<ServiceChargeProduct/>
	<ServiceChargeAccountNumber/>
	<OverdraftChargeTypeCode/>
	<OverdraftChargeCycleCode/>
	<OverdraftChargeExemptionCode/>
	<OverdraftChargeExemptionExpiryDate/>
	<OverdraftChargePaymentMethod/>
	<OverdraftChargeProduct/>
	<OverdraftChargeAccountNumber/>
	<PortfolioPrimaryAccount/>
</DepositDetails>
