<Purpose CategoryCodeDescription="New Entry" PurposeCodeDescription="" TotalAmount="0" DisplpayAmt="$0" validimg="" valid="1" valid_Category="" valid_LendingPurpose="" valid_EstimatedSettlementDate="" valid_TotalAmount="">
	<PurposeID/>
	<Category/>
	<LendingPurpose/>
	<LendingPurposeDescription/>
	<!-- WR1970 - Added new node for RapidRefinance 	-->
	<RapidRefinance>0</RapidRefinance>
	<EstimatedSettlementDate/>
	<FinanceClauseDate/>
	<OwnerBuilder>0</OwnerBuilder>
	<ApprovalInPrincipleSought>0</ApprovalInPrincipleSought>
	<StatementsHeldWithNoArrears>0</StatementsHeldWithNoArrears>
	<NumberOfConsolidatedDebts>0</NumberOfConsolidatedDebts>
	<PurchasePrice1>0</PurchasePrice1>
	<PurchasePrice2>0</PurchasePrice2>
	<AdditionalCosts>0</AdditionalCosts>
	<DepositPaid>0</DepositPaid>
	<OwnFunds>0</OwnFunds>
	<Gifts>0</Gifts>
	<Products/>
</Purpose>
