<!--WR1970 - Removed the attributes valid_PropertyTenure="" and valid_PropertyZoning="" -->
<!--WR1970 - Removed the nodes <SecurityGivenBy1/> and <SecurityGivenBy2/> -->
<Security PropBased="" ConstructDtlsReq="" validimg="" valid="" SecurityStatusDescription="" PropertyStatusDescription="" PropertyTypeDescription="" PropertyTenureDescription="" PropertyZoningDescription="" PropertyUseDescription="" SecurityTitleTypeDescription="" NatureOfSecurityDescription="" FirstMortgageeDescription="" SecurityTypeDescription="New Entry" AddressDtls="" Value="$0" imgAD="" imgSO="" imgSD="" valid_AddressID="" valid_AccountNumber="" valid_PropertyStatus="" valid_PropertyZoning="" valid_PropertyType="" valid_PropertyUse="" valid_NatureOfSecurity="" valid_SecurityDescription1="" valid_SecurityValue="" valid_CustomerStatedValue="" valid_TransferOfLandValue="" valid_FirstMortgageValue="" valid_GuaranteeAmount="" valid_ContractOfSaleDate=""  valid_FirstMortgagee="" valid_OtherFirstMortgagee="" valid_SecuritiesGivenBy="" valid_SecRentalIncome="" valid_SecFloorAreaLand="" valid_SecurityTBASubUrb="" valid_SecurityTBAPostCode="" valid_SecurityTBAState="" valid_CityStatePCProperty="" valid_SecGuaranteeType="" valid_MajorRenovation="" valid_SecInvestmentExpense="">
	<SecurityID/>
	<AddressID/>
	<SecurityDate/>
	<SecurityDetailsTBA>0</SecurityDetailsTBA>
	<SecurityType/>
	<SecurityStatus/>
	<SecurityRegistrationPeriod/>
	<SecuritiesGivenBy>
		<SecurityGivenBy Linked="" SecCustRelationship="" CustomerName="" CustomerTypeDescription="" validimg="">
			<CustomerID/>
		</SecurityGivenBy>
	</SecuritiesGivenBy>
	<SecurityGivenBy1/>
	<SecurityGivenBy2/>
	<AccountNumber/>
	<CertificateNumber/>
	<PropertyPurchase>0</PropertyPurchase>
	<OnMarketTransaction>0</OnMarketTransaction>
	<PropertyStatus/>
	<PropertyType/>
	<PropertyTenure/>
	<PropertyZoning/>
	<PropertyUse/>
	<SecurityTitleType/>
	<NatureOfSecurity/>
	<RegistrationNumber/>
	<SecurityDescription1/>
	<SecurityDescription2/>
	<ContractOfSaleHeld/>
	<ContractOfSaleDate/>
	<CertificateOfTitleHeld/>
	<TransferOfLandHeld/>
	<TitleParticulars1/>
	<TitleParticulars2/>
	<NumberOfDuplicateMortgages>0</NumberOfDuplicateMortgages>
	<SecurityValue>0</SecurityValue>
	<SecurityLimitedValue>0</SecurityLimitedValue>
	<CustomerStatedValue>0</CustomerStatedValue>
	<TransferOfLandValue>0</TransferOfLandValue>
	<RVRValue>0</RVRValue>
	<GovernmentValuation>0</GovernmentValuation>
	<PriorityValue>0</PriorityValue>
	<FirstMortgageValue>0</FirstMortgageValue>
	<GuaranteeAmount>0</GuaranteeAmount>
	<SecGuaranteeType/>
	<SecFloorAreaLand>0</SecFloorAreaLand>
	<SecRentalIncome>0</SecRentalIncome>
	<SecShortStay/>
	<SecInvestmentExpense>0</SecInvestmentExpense>
	<GuaranteeUnlimited/>
	<ValuationRequired/>
	<ValuationDate/>
	<FirstMortgagee/>
	<OtherFirstMortgagee/>
	<ExistingLoanAmount>0</ExistingLoanAmount>
	<StampingType/>
	<ExistingStampingValue>0</ExistingStampingValue>
	<PurchaseOffThePlan>0</PurchaseOffThePlan>
	<ConstructionDetails/>
	<SecurityAddresses>
		<SecurityAddress AddressDetails="" Linked="0">
			<AddressID/>
		</SecurityAddress>
	</SecurityAddresses>
	<RelatedCustomers/>
	<SecurityLands/>
  	<SecurityTBASubUrb/>
  	<SecurityTBAState/>
  	<SecurityTBAPostCode/>
	<MajorRenovation>0</MajorRenovation>
</Security>
