<StatementOfPosition TotAsset="" fmtTotAsset="" TotLiability="" fmtTotLiability="" TotIncome="" TotSecIncome="" fmtTotIncome="" TotExpense="" fmtTotExpense="" current="" valid="" validimg="" imgCreateSP="" imgAssets="" imgLiabilities="" imgExpenses="" imgIncomes="" valid_SPDate="" valid_SPDescription="" valid_SPCustomers="" valid_Expenses="" valid_Assets="" valid_Liabilities="" valid_Incomes="" valid_AmountOwing="">
	<StatementOfPositionID/>
	<SPDate/>
	<SPDescription>New Entry</SPDescription>
	<SPCustomers>
		<SPCustomer CustomerName="" CustomerType="" CustomerTypeDescription="" PAYE="" Related="">
			<CustomerID/>
			<SPSigned>0</SPSigned>
		</SPCustomer>
	</SPCustomers>
	<Assets RecIndex="-1">
		<Asset TypeDescription="" fmtAmount="" valid_AssetType="" valid_AssetDescription="" valid_NumberOfVehicles="" valid_AssetValue="" 
		valid_AssetPropertyType="" AssetPropertyTypeDescription="" valid_AssetLinkedPropAddr="" AssetLinkedPropAddrDescription="" valid_AssetBankFinInstitution="" 
		AssetBankFinInstitutionDescription="" valid_AssetPropertyUse="" AssetPropertyZoningDescription="" AssetPropertyUseDescription="" valid_JointOwner="" valid_AssetMonthlyInvestment="" valid_ShtStyRentInm="">
			<AssetType/>
			<JointOwner>0</JointOwner>
			<AssetDescription/>
			<NumberOfVehicles>0</NumberOfVehicles>
			<AssetPropertyType/>
			<AssetPropertyZoning/>
			<AssetPropertyUse/>
			<AssetLinkedPropAddr/>
			<AccountNumber/>
			<AssetValue>0</AssetValue>
			<AssetBankFinInstitution/>
			<AssetMonthlyIncome>0</AssetMonthlyIncome>
			<AssetMonthlyInvestment>0</AssetMonthlyInvestment>
			<OwneshipProportion/>
			<AssetShortStay/>
		</Asset>
	</Assets>
	<Liabilities>
		<Liability TypeDescription="" fmtAmount="" valid_LiabilityType="" valid_LiabilityDescription="" valid_Limit="" valid_AmountOwing="" 
		 	LinkedPropertyAssetDescription="" valid_LiabBankFinInstitution="" LiabBankFinInstitutionDescription="" valid_MthlyExp="" valid_LinkedPropertyAsset="">
			<LiabilityType/>
			<JointOwner>0</JointOwner>
			<LiabilityDescription/>
			<!--WR1970 - Added new node - Start-->
			<LiabToClrFrmLn>0</LiabToClrFrmLn>
			<!--WR1970 - Added new node - End-->
			<LiabilityToContinue/>
			<AccountNumber/>
			<Limit>0</Limit>
			<AmountOwing>0</AmountOwing>
			<!--WR1970 - Added new node - Start-->
			<MthlyExp>0</MthlyExp>
			<TermLoan>0</TermLoan>
			<BFANZCreditCard>0</BFANZCreditCard>
			<BreakFreeCardType/>
			<!--WR1970 - Added new node - End-->
			<!-- Card-316 & 394 Starts-Added new Code -->
			<RemainLoanTermMonths>0</RemainLoanTermMonths>
			<LinkedPropertyAsset/>
			<LiabBankFinInstitution/>
			<!-- Card-316 & 394 Ends-Added new Code -->
		</Liability>
	</Liabilities>
	<Incomes>
		<Income TypeDescription="" fmtAmount="" valid_IncomeType="" valid_NetMonthlyIncome="" valid_IncomeGovtBenefitType="" IncomeGovtBenefitTypeDescription="">
			<IncomeType/>
			<IncomeGovtBenefitType/>
			<NetMonthlyIncome>0</NetMonthlyIncome>
			<IncomeVerified>0</IncomeVerified>
			<EvidenceOfTenancyHeld/>
		</Income>
	</Incomes>
	<Expenses RecIndex="-1">
		<Expense TypeDescription="" fmtAmount="" valid_ExpenseType="" valid_DeclaredAmount="">
			<ExpenseType/>
			<DeclaredAmount>0</DeclaredAmount>
			<ExpenseDescription/>
		</Expense>
	</Expenses>
</StatementOfPosition>
