<!-- 
	WizKeyType attribute used to determine how text of WizKey element will be used
	0			- text of WizKey element will be ignored  (same if attribute is  empty or not exists ) 
	1			- text of WizKey element will be concatinated with entry in description field. Maximum
					size of the description field will be reduced by length of the WizKey text + 1 (space)
	2			- text of WizKey element will be placed into description field if it's empty
	[any text]	- text of WizKeyType attribute will be placed into description field if it's empty
-->
<SP mode="">
	<SPDate/>
	<SPDescription/>
	<Assets descFld="AssetDescription" maxDescFldLen="50" childName="Asset" valueFld1="AssetValue" refDataTbl="A_TS_ASSET_TYPES" itemTypeFld="AssetType">
		<ANZAccounts>
			<ANZAccount TypeDescription="" fmtAmount="">
				<WizKey>Cheque Account</WizKey>
				<AssetType>001</AssetType>
				<JointOwner>0</JointOwner>
				<AssetDescription/>
				<NumberOfVehicles>0</NumberOfVehicles>
				<AccountNumber/>
				<AssetValue>0</AssetValue>
			</ANZAccount>
			<ANZAccount TypeDescription="" fmtAmount="">
				<WizKey>Savings Account</WizKey>
				<AssetType>001</AssetType>
				<JointOwner>0</JointOwner>
				<AssetDescription/>
				<NumberOfVehicles>0</NumberOfVehicles>
				<AccountNumber/>
				<AssetValue>0</AssetValue>
			</ANZAccount>
			<ANZAccount TypeDescription="" fmtAmount="">
				<WizKey>Other Account</WizKey>
				<AssetType>001</AssetType>
				<JointOwner>0</JointOwner>
				<AssetDescription/>
				<NumberOfVehicles>0</NumberOfVehicles>
				<AccountNumber/>
				<AssetValue>0</AssetValue>
			</ANZAccount>
		</ANZAccounts>
		<OtherBankAccounts>
			<OtherBankAccount TypeDescription="" fmtAmount="" WizKeyType="1">
				<WizKey>Cheque Account</WizKey>
				<AssetType>002</AssetType>
				<JointOwner>0</JointOwner>
				<AssetDescription/>
				<NumberOfVehicles>0</NumberOfVehicles>
				<AccountNumber/>
				<AssetValue>0</AssetValue>
			</OtherBankAccount>
			<OtherBankAccount TypeDescription="" fmtAmount="" WizKeyType="1">
				<WizKey>Savings Account</WizKey>
				<AssetType>002</AssetType>
				<JointOwner>0</JointOwner>
				<AssetDescription/>
				<NumberOfVehicles>0</NumberOfVehicles>
				<AccountNumber/>
				<AssetValue>0</AssetValue>
			</OtherBankAccount>
			<OtherBankAccount TypeDescription="" fmtAmount="" WizKeyType="1">
				<WizKey>Other Account</WizKey>
				<AssetType>002</AssetType>
				<JointOwner>0</JointOwner>
				<AssetDescription/>
				<NumberOfVehicles>0</NumberOfVehicles>
				<AccountNumber/>
				<AssetValue>0</AssetValue>
			</OtherBankAccount>
		</OtherBankAccounts>
		<Properties>
			<Property TypeDescription="" fmtAmount="" WizKeyType="1">
				<WizKey>Family Home</WizKey>
				<AssetType>003</AssetType>
				<JointOwner>0</JointOwner>
				<AssetDescription/>
				<NumberOfVehicles>0</NumberOfVehicles>
				<AccountNumber/>
				<AssetValue>0</AssetValue>
			</Property>
			<Property TypeDescription="" fmtAmount="" WizKeyType="1">
				<WizKey>Other</WizKey>
				<AssetType>003</AssetType>
				<JointOwner>0</JointOwner>
				<AssetDescription/>
				<NumberOfVehicles>0</NumberOfVehicles>
				<AccountNumber/>
				<AssetValue>0</AssetValue>
			</Property>
			<Property TypeDescription="Property" fmtAmount="" WizKeyType="1">
				<WizKey>Deposit on Property</WizKey>
				<AssetType>009</AssetType>
				<JointOwner>0</JointOwner>
				<AssetDescription/>
				<NumberOfVehicles>0</NumberOfVehicles>
				<AccountNumber/>
				<AssetValue>0</AssetValue>
			</Property>
		</Properties>
		<MotorVehicles>
			<MotorVehicle TypeDescription="" fmtAmount="" WizKeyType="2">
				<WizKey>Motor Vehicles</WizKey>
				<AssetType>004</AssetType>
				<JointOwner>0</JointOwner>
				<AssetDescription/>
				<NumberOfVehicles>1</NumberOfVehicles>
				<AccountNumber/>
				<AssetValue>0</AssetValue>
			</MotorVehicle>
		</MotorVehicles>
		<OtherAssets>
			<OtherAsset TypeDescription="" fmtAmount="">
				<WizKey/>
				<AssetType>005</AssetType>
				<JointOwner>0</JointOwner>
				<AssetDescription/>
				<NumberOfVehicles>0</NumberOfVehicles>
				<AccountNumber/>
				<AssetValue>0</AssetValue>
			</OtherAsset>
			<OtherAsset TypeDescription="" fmtAmount="">
				<WizKey/>
				<AssetType>006</AssetType>
				<JointOwner>0</JointOwner>
				<AssetDescription/>
				<NumberOfVehicles>0</NumberOfVehicles>
				<AccountNumber/>
				<AssetValue>0</AssetValue>
			</OtherAsset>
			<OtherAsset TypeDescription="" fmtAmount="">
				<WizKey/>
				<AssetType>007</AssetType>
				<JointOwner>0</JointOwner>
				<AssetDescription/>
				<NumberOfVehicles>0</NumberOfVehicles>
				<AccountNumber/>
				<AssetValue>0</AssetValue>
			</OtherAsset>
			<OtherAsset TypeDescription="" fmtAmount="" WizKeyType="1">
				<WizKey>Life Insurance</WizKey>
				<AssetType>008</AssetType>
				<JointOwner>0</JointOwner>
				<AssetDescription/>
				<NumberOfVehicles>0</NumberOfVehicles>
				<AccountNumber/>
				<AssetValue>0</AssetValue>
			</OtherAsset>
			<OtherAsset TypeDescription="" fmtAmount="" WizKeyType="Other">
				<WizKey/>
				<AssetType>008</AssetType>
				<JointOwner>0</JointOwner>
				<AssetDescription/>
				<NumberOfVehicles>0</NumberOfVehicles>
				<AccountNumber/>
				<AssetValue>0</AssetValue>
			</OtherAsset>
		</OtherAssets>
	</Assets>
	<Liabilities descFld="LiabilityDescription" maxDescFldLen="40" childName="Liability" valueFld1="AmountOwing" valueFld2="Limit" valueFld3="MthlyExp"  refDataTbl="A_TS_LIABILITY_TYPES" itemTypeFld="LiabilityType">
		<ANZLoans>
			<ANZLoan TypeDescription="" fmtAmount="">
				<WizKey>Home Loan</WizKey>
				<LiabilityType>001</LiabilityType>
				<JointOwner>0</JointOwner>
				<LiabilityDescription/>
				<LiabilityToContinue/>
				<AccountNumber/>
				<Limit>0</Limit>
				<AmountOwing>0</AmountOwing>
				<!--WR1970 - Added two new fields for liabilities-->
				<LiabToClrFrmLn>0</LiabToClrFrmLn>
				<MthlyExp>0</MthlyExp>
				<BFANZCreditCard>0</BFANZCreditCard>
				<BreakFreeCardType/>
			</ANZLoan>
			<ANZLoan TypeDescription="" fmtAmount="">
				<WizKey>Invest. Loan</WizKey>
				<LiabilityType>001</LiabilityType>
				<JointOwner>0</JointOwner>
				<LiabilityDescription/>
				<LiabilityToContinue/>
				<AccountNumber/>
				<Limit>0</Limit>
				<AmountOwing>0</AmountOwing>
				<!--WR1970 - Added two new fields for liabilities-->
				<LiabToClrFrmLn>0</LiabToClrFrmLn>
				<MthlyExp>0</MthlyExp>
				<BFANZCreditCard>0</BFANZCreditCard>
				<BreakFreeCardType/>
			</ANZLoan>
			<ANZLoan TypeDescription="" fmtAmount="">
				<WizKey/>
				<LiabilityType>002</LiabilityType>
				<JointOwner>0</JointOwner>
				<LiabilityDescription/>
				<LiabilityToContinue/>
				<AccountNumber/>
				<Limit>0</Limit>
				<AmountOwing>0</AmountOwing>
				<!--WR1970 - Added two new fields for liabilities-->
				<LiabToClrFrmLn>0</LiabToClrFrmLn>
				<MthlyExp>0</MthlyExp>
				<BFANZCreditCard>0</BFANZCreditCard>
				<BreakFreeCardType/>
			</ANZLoan>
		</ANZLoans>
		
		<OtherBankLoans>
			<OtherBankLoan TypeDescription="" fmtAmount="" WizKeyType="1">
				<WizKey>Home Loan</WizKey>
				<LiabilityType>005</LiabilityType>
				<JointOwner>0</JointOwner>
				<LiabilityDescription/>
				<LiabilityToContinue/>
				<AccountNumber/>
				<Limit>0</Limit>
				<AmountOwing>0</AmountOwing>
				<!--WR1970 - Added two new fields for liabilities-->
				<LiabToClrFrmLn>0</LiabToClrFrmLn>
				<MthlyExp>0</MthlyExp>
				<BFANZCreditCard>0</BFANZCreditCard>
				<BreakFreeCardType/>
			</OtherBankLoan>
			<OtherBankLoan TypeDescription="" fmtAmount="" WizKeyType="1">
				<WizKey>Invest. Loan</WizKey>
				<LiabilityType>005</LiabilityType>
				<JointOwner>0</JointOwner>
				<LiabilityDescription/>
				<LiabilityToContinue/>
				<AccountNumber/>
				<Limit>0</Limit>
				<AmountOwing>0</AmountOwing>
				<!--WR1970 - Added two new fields for liabilities-->
				<LiabToClrFrmLn>0</LiabToClrFrmLn>
				<MthlyExp>0</MthlyExp>
				<BFANZCreditCard>0</BFANZCreditCard>
				<BreakFreeCardType/>
			</OtherBankLoan>
			<OtherBankLoan TypeDescription="" fmtAmount="">
				<WizKey/>
				<LiabilityType>006</LiabilityType>
				<JointOwner>0</JointOwner>
				<LiabilityDescription/>
				<LiabilityToContinue/>
				<AccountNumber/>
				<Limit>0</Limit>
				<AmountOwing>0</AmountOwing>
				<!--WR1970 - Added two new fields for liabilities-->
				<LiabToClrFrmLn>0</LiabToClrFrmLn>
				<MthlyExp>0</MthlyExp>
				<BFANZCreditCard>0</BFANZCreditCard>
				<BreakFreeCardType/>
			</OtherBankLoan>
		</OtherBankLoans>
		
		<CreditCardsOverdrafts>
			<CreditCardOverdraft TypeDescription="" fmtAmount="">
				<WizKey/>
				<LiabilityType>003</LiabilityType>
				<JointOwner>0</JointOwner>
				<LiabilityDescription/>
				<LiabilityToContinue/>
				<AccountNumber/>
				<Limit>0</Limit>
				<AmountOwing>0</AmountOwing>
				<!--WR1970 - Added two new fields for liabilities-->
				<LiabToClrFrmLn>0</LiabToClrFrmLn>
				<MthlyExp>0</MthlyExp>
				<BFANZCreditCard>0</BFANZCreditCard>
				<BreakFreeCardType/>
			</CreditCardOverdraft>
			<CreditCardOverdraft TypeDescription="" fmtAmount="">
				<WizKey/>
				<LiabilityType>007</LiabilityType>
				<JointOwner>0</JointOwner>
				<LiabilityDescription/>
				<LiabilityToContinue/>
				<AccountNumber/>
				<Limit>0</Limit>
				<AmountOwing>0</AmountOwing>
				<!--WR1970 - Added two new fields for liabilities-->
				<LiabToClrFrmLn>0</LiabToClrFrmLn>
				<MthlyExp>0</MthlyExp>
				<BFANZCreditCard>0</BFANZCreditCard>
				<BreakFreeCardType/>
			</CreditCardOverdraft>
			<CreditCardOverdraft TypeDescription="" fmtAmount="" WizKeyType="1">
				<WizKey>Overdraft</WizKey>
				<LiabilityType>006</LiabilityType>
				<JointOwner>0</JointOwner>
				<LiabilityDescription/>
				<LiabilityToContinue/>
				<AccountNumber/>
				<Limit>0</Limit>
				<AmountOwing>0</AmountOwing>
				<!--WR1970 - Added two new fields for liabilities-->
				<LiabToClrFrmLn>0</LiabToClrFrmLn>
				<MthlyExp>0</MthlyExp>
				<BFANZCreditCard>0</BFANZCreditCard>
				<BreakFreeCardType/>
			</CreditCardOverdraft>
		</CreditCardsOverdrafts>
		
		<OtherLiabilities>
			<OtherLiability TypeDescription="" fmtAmount="">
				<WizKey/>
				<LiabilityType>009</LiabilityType>
				<JointOwner>0</JointOwner>
				<LiabilityDescription/>
				<LiabilityToContinue/>
				<AccountNumber/>
				<Limit>0</Limit>
				<AmountOwing>0</AmountOwing>
				<!--WR1970 - Added two new fields for liabilities-->
				<LiabToClrFrmLn>0</LiabToClrFrmLn>
				<MthlyExp>0</MthlyExp>
				<BFANZCreditCard>0</BFANZCreditCard>
				<BreakFreeCardType/>
			</OtherLiability>
			<OtherLiability TypeDescription="" fmtAmount="" WizKeyType="1">
				<WizKey>Outstanding Tax</WizKey>
				<LiabilityType>004</LiabilityType>
				<JointOwner>0</JointOwner>
				<LiabilityDescription/>
				<LiabilityToContinue/>
				<AccountNumber/>
				<Limit>0</Limit>
				<AmountOwing>0</AmountOwing>
				<!--WR1970 - Added two new fields for liabilities-->
				<LiabToClrFrmLn>0</LiabToClrFrmLn>
				<MthlyExp>0</MthlyExp>
				<BFANZCreditCard>0</BFANZCreditCard>
				<BreakFreeCardType/>
			</OtherLiability>
			<OtherLiability TypeDescription="" fmtAmount="" WizKeyType="Other">
				<WizKey/>
				<LiabilityType>004</LiabilityType>
				<JointOwner>0</JointOwner>
				<LiabilityDescription/>
				<LiabilityToContinue/>
				<AccountNumber/>
				<Limit>0</Limit>
				<AmountOwing>0</AmountOwing>
				<!--WR1970 - Added two new fields for liabilities-->
				<LiabToClrFrmLn>0</LiabToClrFrmLn>
				<MthlyExp>0</MthlyExp>
				<BFANZCreditCard>0</BFANZCreditCard>
				<BreakFreeCardType/>
			</OtherLiability>
		</OtherLiabilities>
	</Liabilities>
	
	
	<Incomes childName="Income" valueFld1="NetMonthlyIncome" refDataTbl="A_TS_INCOME_TYPES" itemTypeFld="IncomeType">
		<Rents>
			<Rent TypeDescription="" fmtAmount="">
				<WizKey>Rent Received</WizKey>
				<IncomeType>003</IncomeType>
				<NetMonthlyIncome>0</NetMonthlyIncome>
				<IncomeVerified>0</IncomeVerified>
				<EvidenceOfTenancyHeld/>
			</Rent>
		</Rents>
		<OtherIncomes>
			<OtherIncome TypeDescription="" fmtAmount="">
				<WizKey>Regular Overtime</WizKey>
				<IncomeType>009</IncomeType>
				<NetMonthlyIncome>0</NetMonthlyIncome>
				<IncomeVerified>0</IncomeVerified>
				<EvidenceOfTenancyHeld/>
			</OtherIncome>
			<OtherIncome TypeDescription="" fmtAmount="">
				<WizKey>Government Benefits/Pension</WizKey>
				<IncomeType>004</IncomeType>
				<NetMonthlyIncome>0</NetMonthlyIncome>
				<IncomeVerified>0</IncomeVerified>
				<EvidenceOfTenancyHeld/>
			</OtherIncome>
			<OtherIncome TypeDescription="" fmtAmount="">
				<WizKey>Part-time/Casual Employment</WizKey>
				<IncomeType>011</IncomeType>
				<NetMonthlyIncome>0</NetMonthlyIncome>
				<IncomeVerified>0</IncomeVerified>
				<EvidenceOfTenancyHeld/>
			</OtherIncome>
			<OtherIncome TypeDescription="" fmtAmount="">
				<WizKey/>
				<IncomeType>006</IncomeType>
				<NetMonthlyIncome>0</NetMonthlyIncome>
				<IncomeVerified>0</IncomeVerified>
				<EvidenceOfTenancyHeld/>
			</OtherIncome>
			<OtherIncome TypeDescription="" fmtAmount="">
				<WizKey/>
				<IncomeType>005</IncomeType>
				<NetMonthlyIncome>0</NetMonthlyIncome>
				<IncomeVerified>0</IncomeVerified>
				<EvidenceOfTenancyHeld/>
			</OtherIncome>
			<OtherIncome TypeDescription="" fmtAmount="">
				<WizKey/>
				<IncomeType>007</IncomeType>
				<NetMonthlyIncome>0</NetMonthlyIncome>
				<IncomeVerified>0</IncomeVerified>
				<EvidenceOfTenancyHeld/>
			</OtherIncome>
			<OtherIncome TypeDescription="" fmtAmount="">
				<WizKey/>
				<IncomeType>008</IncomeType>
				<NetMonthlyIncome>0</NetMonthlyIncome>
				<IncomeVerified>0</IncomeVerified>
				<EvidenceOfTenancyHeld/>
			</OtherIncome>
			<OtherIncome TypeDescription="" fmtAmount="">
				<WizKey/>
				<IncomeType>011</IncomeType>
				<NetMonthlyIncome>0</NetMonthlyIncome>
				<IncomeVerified>0</IncomeVerified>
				<EvidenceOfTenancyHeld/>
			</OtherIncome>
		</OtherIncomes>
	</Incomes>
	<Expenses descFld="ExpenseDescription" maxDescFldLen="40" childName="Expense" valueFld1="DeclaredAmount" refDataTbl="A_TS_EXPENSE_TYPES" itemTypeFld="ExpenseType">
		<OtherCommitments>
			<OtherCommitment TypeDescription="" fmtAmount="">
				<WizKey/>
				<ExpenseType>005</ExpenseType>
				<DeclaredAmount>0</DeclaredAmount>
				<ExpenseDescription/>
			</OtherCommitment>
			<OtherCommitment TypeDescription="" fmtAmount="">
				<WizKey/>
				<ExpenseType>016</ExpenseType>
				<DeclaredAmount>0</DeclaredAmount>
				<ExpenseDescription/>
			</OtherCommitment>
			<OtherCommitment TypeDescription="" fmtAmount="">
				<WizKey/>
				<ExpenseType>017</ExpenseType>
				<DeclaredAmount>0</DeclaredAmount>
				<ExpenseDescription/>
			</OtherCommitment>
		</OtherCommitments>
	</Expenses>
</SP>
