<!-- WR1970 - Added new attribute custom="ValSecuritiesCombination" in Securities tag for Security Type Guidelines -->
<!-- WR1970 - Removed <PropertyTenure> and <PropertyZoning> tags as the fields are not mandatory from version 2 -->
<!-- WR1970 - Added new tag <SecuritiesGivenBy> tag for validating SecurityGivenBy section -->
<!--WR1970 - Added some new business rules for the Address tag under <Address > tag -->
<!--WR1970 - Modified the Customer employments node-->
<!--WR3161-2  Portfolio Related Changes.-->
<!--WR4301-1  RL 1.5 eMOS-->
<!--WR4306  RoSE eMOS - Added Security registraton period field validation-->
<!--Modified as part CR129, NCCP and MCP-->
<!--Modified as part APRA - Introduction of ReasonForInterestOnly in the version 3.8-->
<!--Rel 18.01 Modified as part of email validation. Added new tag <EmailAddress> -->

<!--Rel 18.01 Old Code Commented for making IsRefinanceLoan - a Non Mandatory -->
<!--Rel 18.01 Old Code Commented for making IsPayoutQuoteFromOFI - a Non Mandatory -->
<!--Rel 18.01 Old Code Commented for making ChangeInFinancialStatus - a Non Mandatory -->
<!--Rel 18.01 Old Code Commented for making RepaymentPlan - a Non Mandatory -->
<!--Rel 18.01 Old Code Commented for making IsInvestmentAsSecurity - a Non Mandatory -->
<!--Rel 18.1 Added New tag Tax Residents below customer employments tag for New CRS changes -->
<!--Rel 18.1 SE-eMOS-04-001A - Does customer require an ANZ assured facility? -->
<!--Rel 18.1 SE-eMOS-04-006 - Usually we suggest ANZ assured to provide ... ? -->
<!--Rel 18.1 SE-eMOS-04-003, SE-eMOS-04-003A, SE-eMOS-04-004 -->
<!--Rel 18.1 SE-eMOS-04-003A - If the Customer does not meet the credit and product ... -->
<Application imgValidTab="../images/empty_cross.gif" imgErrorTab="../images/red_arrow.gif" imgValidEntity="../images/green_tick.gif" imgInvalidEntity="../images/red_cross.gif" imgError="../images/red_cross.gif" imgValid="../images/blue_asteric.gif" imgEmpty="../images/empty_cross.gif" entity="1">
	<AppDetails simpleEntity="1">
		<NominatedBSB mandatory="1" custom="ValNominatedBSB"/>
	</AppDetails>
	<Customers custom="ValCustomersTypeCombination" entity="1">
		<Customer>
			<CustomerSurname mandatory="1" tab="imgPD"/>
			<CustomerTitle mandatory="1" tab="imgPD"/>
			<CustomerType mandatory="1" tab="imgPD"/>
			<DateOfBirth mandatory="1" custom="ValDateOfBirth" tab="imgPD"/>
			<Gender mandatory="1" tab="imgPD"/>
			<DriversLicenseNumber custom="ValDrivLic" tab="imgPD"/>
			<DriversLicenseState custom="ValDriverLicState" tab="imgPD"/>
			<EmailAddress custom="ValEmailAddress" tab="imgPD"/>
			<ResidentStatus mandatory="1" tab="imgPD"/>
			<VisaSubclass custom="ValVisaSubclass" tab="imgPD"/>
			<CustomerMitigants custom="ValMitigants" tab="imgPD" />	
			<HousingStatus mandatory="1" tab="imgPD"/>
			<PreferredContact custom="ValPreferredContact" tab="imgPD"/>			
			<MaritalStatus mandatory="1" tab="imgPD"/>
			<AgeOfDependents custom="ValAgeOfDependents" tab="imgPD"/>
			<CustomerNatureOfChange custom="ValNatureOfChange" tab="imgPD" />      
			<OtherCustomerNatureOfChange custom="ValOtherNatureOfChange" tab="imgPD"/>
			<CustomerMitigants custom="ValMitigants" tab="imgPD" />     
			<OtherCustomerMitigants custom="ValOtherMitigants" tab="imgPD"/>			
			<CustomerAddresses entity="1" custom="ValCustomerAddresses" tab="imgAD">
				<CustomerAddress>
					<MonthsAtAddress custom="ValCustMonthAddr"/>
				</CustomerAddress>
			</CustomerAddresses>
			<CustomerEmployments custom="ValEmpTypeCombination" entity="1" tab="imgED" emptyEntityValid="1">
				<EmploymentDetails>
					<EmploymentStatusDesc mandatory="1"/>
					<EmploymentType mandatory="1"/>
					<EmployerType custom="ValEmpEmployerType"/>
					<OccupationCode custom="ValEmpOccCode"/>
					<EmployerName custom="ValEmpEmployerName"/>
					<EmployerAddress1 custom="ValEmpEmployerAdr1"/>
					<MonthsInEmployment custom="ValEmpMonths"/>
					<GrossMonthlyIncome custom="ValEmpGrossIncome"/>
					<NetMonthlyIncome custom="ValEmpNetIncome"/>
					<EmployerCountry custom="ValEmpCountry"/>
					<EmployerCity custom="ValEmpCity"/>
					<EmployerState custom="ValEmpState"/>
					<EmployerPostcode custom="ValEmpPostcode"/>
					<EmployerCityStatePCComb custom="ValEmpCityStatePC"/>
					<EmployerPhoneNumber custom="ValEmpPhoneNumber"/>
				</EmploymentDetails>
			</CustomerEmployments>
			<RelationshipPrimaryBorrower custom="ValRelatedCustomers" tab="imgPD"/>
			<TaxResidentAustralia tab="imgTD" custom="ValTaxResidentsEnable" />
			<TaxResidents entity="1" tab="imgTD" emptyEntityValid="1">
				<TaxResidentDetails>
					<cboCountry/>
					<CountryTIN/>
					<NoTinReason/>
					<inpExplanation/>
				</TaxResidentDetails>			
			</TaxResidents>			
		</Customer>
	</Customers>
	<Purposes entity="1" custom="ValPurposesForPortfolioPrimary">
		<Purpose custom="ValPFAmountSought">
			<Category mandatory="1"/>
			<LendingPurpose mandatory="1"/>
			<EstimatedSettlementDate mandatory="1" custom="ValEstSettleDate"/>
			<TotalAmount custom="ValPurpAmountSought"/>
			<Products entity="1">
				<Product>
					<SubProductCode mandatory="1"/>
					<LoanDetails complexfield="1">
						<AmountSought custom="ValProdAmountSought"/>
						<AmountThisAdvance custom="ValAmountThisAdvance"/>
						<LoanTerm custom="ValLoanTerm"/>
						<FixedRateTerm custom="ValFixedRateTerm"/>
						<InterestOnlyTerm custom="ValIntOnlyTerm"/>
						<OffsetReqd mandatory="1"/>
						<OffsetAccNo custom="ValOffsetAccNo"/>
						<ReasonForInterestOnly custom="ValReasonForInterestOnly"/>
						<OtherReasonForInterestOnly custom="ValOtherReasonIntOnly"/> 
					</LoanDetails>
					<DepositDetails complexfield="1">
						<LimitAmount custom="ValLimitAmount"/>
						<LimitStartDate custom="ValLimitStartDate"/>
						<LimitEndDate custom="ValLimitEndDate"/>
						<ATOType custom="ValATOType"/>
						<PortfolioPrimaryAccount custom="ValProdsForPortfolioPrimCount"/>
					</DepositDetails>
					<RelatedCustomers SimpleEntity="1" custom="ValProductRelCusts" tab="imgPrRelCus"/>
				</Product>
			</Products>
		</Purpose>
	</Purposes>
	<Solicitor simpleEntity="1" custom="ValSolicitor">
		<AddressLine1 custom="ValSolAddress"/> 
		<CityStatePCComb custom="ValSolCityStatePC"/>
		<City custom="ValSolCity"/>
		<State custom="ValSolState"/>
		<Postcode custom="ValSolPostcode"/>
	</Solicitor>
	<Securities entity="1" custom="ValSecuritiesCombination">
		<Security>
			<AddressID custom="ValSecAddrID" tab="imgAD"/>
			<AccountNumber path="." custom="ValAccNumber" tab="imgSD"/>
			<SecuritiesGivenBy entitiy="1" custom="ValSecGivenBy" tab="imgSO"/>
			<PropertyStatus custom="ValPropBasedSecFld" params=",'PropertyStatus','SEC_PROP_STATUS'" tab="imgSD"/>
			<PropertyZoning custom="ValPropBasedSecFld" params=",'PropertyZoning','SEC_PROP_ZONING'" tab="imgSD"/>
			<PropertyType custom="ValPropBasedSecFld" params=",'PropertyType','SEC_PROP_TYPE'" tab="imgSD"/>
			<PropertyUse custom="ValPropBasedSecFld" params=",'PropertyUse','SEC_PROP_USE'" tab="imgSD"/>
			<NatureOfSecurity custom="ValSecNature" tab="imgSD"/>
			<SecurityDescription1 custom="ValSecDesc1" tab="imgSD"/>
			<SecurityValue custom="ValSecFMV" tab="imgSD"/>
			<CustomerStatedValue custom="ValSecCSV" tab="imgSD"/>
			<TransferOfLandValue custom="ValSecTLV" tab="imgSD"/>
			<SecFloorAreaLand custom="ValSecAddInfoFloor" tab="imgSD"/>
			<SecRentalIncome custom="ValSecAddInfoRental" tab="imgSD"/>
			<SecInvestmentExpense custom="ValSecInvestmentExpense" params=",'PropertyType','PropertyUse'" tab="imgSD"/>
			<MajorRenovation tab="imgSD"/>
			<FirstMortgageValue custom="ValSecFirstMortgageValue" tab="imgSD"/>
			<GuaranteeAmount custom="ValSecGuarAmt" tab="imgSD"/>
			<ContractOfSaleDate custom="ValSecContractOfSaleDate" tab="imgSD"/>
			<FirstMortgagee custom="ValSecFirstMortgagee" tab="imgSD"/>
			<OtherFirstMortgagee custom="ValSecOtherFirstMortgagee" tab="imgSD"/>
			<SecurityTBASubUrb custom="ValCity" tab="imgSO"/>
		    <SecurityTBAState custom="ValState" tab="imgSO"/>
		    <SecurityTBAPostCode custom="ValPostcode" tab="imgSO"/>
			<CityStatePCProperty custom="ValCityStatePCProperty" tab="imgSO"/>
			<SecGuaranteeType custom="ValTypeofGaurantee" params=",'SecGuaranteeType'" tab="imgSO"/>
		</Security>
	</Securities>
	<StatementsOfPosition custom="ValSPDirectOwners" entity="1">
		<StatementOfPosition>
			<SPDate mandatory="1" custom="ValSPDate" tab="imgCreateSP"/>
			<SPDescription mandatory="1" tab="imgCreateSP"/>
			<SPCustomers custom="ValSPCustomers" tab="imgCreateSP"/>
			<Assets custom="ValAssetsUpgrade" tab="imgAssets"/>
			<Liabilities custom="ValLiabilitiesUpgrade" tab="imgLiabilities"/>
			<Incomes custom="ValIncomeUpgrade" tab="imgIncomes"/>
			<Expenses custom="ValExpenses" tab="imgExpenses"/>
		</StatementOfPosition>
	</StatementsOfPosition>
	<Fees entity="1" custom="ValFees" emptyEntityValid="1"/>
	<IDN simpleEntity="1">
		<InterviewCustomers custom="ValInterviewCustomers"/>
		<DateOfInterview custom="ValDateOfInterview"/>
		<ClearlyUnderstandEnglish mandatory="1"/>
		<InterpreterRecommended custom="ValIDNInterpreter"/>		
		<ClearlyBenefit custom="ValIDNClearlyBenefit"/>				
		<BenefitEnquiries custom="ValIDNBenefitEnquiries"/>		
		<DuressOrDisability mandatory="1"/>
		<UnsureAboutLoan mandatory="1"/>
		<UnableToComprehend mandatory="1"/>
		<AnyGuarantors mandatory="1"/>
		<AdvisedLawyerFinancialCounsellor custom="ValIDNAdvisedLawer"/>				
		<ClearlyUnderstandRisk custom="ValIDNClearlyUnderstandRisk"/>
		<CoBorrowerReason custom="ValIDNCoBorrowerReason"/>
		<InConnection custom="ValIDNInConnection"/>
	</IDN>
	<Summary simpleEntity="1">
		<Notes mandatory="1"/>
	</Summary>
	<Address simpleEntity="1">
		<CityStatePCComb custom="ValCityStatePC"/>
		<AddressLine1 mandatory="1"/>
		<AddressType mandatory="1"/>
		<StreetName custom="valStreetName"/>
		<StreetType custom="valStreetType"/>
		<City mandatory="1" custom="ValCity"/>
		<State custom="ValState"/>
		<Postcode mandatory="1" custom="ValPostcode"/>
		<Country custom="ValCountry"/>
	</Address>
	<Asset simpleEntity="1">
		<JointOwner custom="ValAssetSplitup" params=",'JointOwner'"/>
	        <AssetType mandatory="1"/>
		<AssetDescription mandatory="1" custom="ValDescription" params=",'AssetDescription','AssetType','001'"/>
		<AssetValue custom="ValAssetValue"/>
		<NumberOfVehicles custom="ValDescription" params=",'NumberOfVehicles','AssetType','004'"/>
		<AssetPropertyType custom="ValAssetPropDetails" params=",'AssetPropertyType'"/>
		<AssetPropertyUse custom="ValAssetPropDetails" params=",'AssetPropertyUse'"/>
		<AssetLinkedPropAddr custom="ValAssetPropDetails" params=",'AssetLinkedPropAddr'"/>
		<AssetBankFinInstitution custom="ValBankFinInstitution" params=",'AssetType'"/>
		<AssetMonthlyInvestment custom="ValInvestmentPropertyRunningCost"/>
	</Asset>
	<Liability simpleEntity="1">
		<LiabilityType mandatory="1"/>
		<LiabilityDescription mandatory="1" custom="ValDescription" params=",'LiabilityDescription','LiabilityType','004'"/>
		<AmountOwing mandatory='0'/>
		<MthlyExp custom="ValLiabMthlyExp"/>
		<LinkedPropertyAsset custom="ValLiabPropRelatedAddrDetails" params=",'LinkedPropertyAsset'"/>
		<LiabBankFinInstitution custom="ValBankFinInstitution" params=",'LiabilityType'"/>
	</Liability>
	<Income simpleEntity="1">
		<IncomeType mandatory="1"/>
		<IncomeGovtBenefitType custom="ValIncomeGovtBenefitType"/>
	</Income>
	<Expense simpleEntity="1">
		<ExpenseType mandatory="1"/>
	</Expense>
	<Portfolio simpleEntity="1" emptyEntityValid="1">
		<PortfolioAmount mandatory="1" custom="ValPfLimitAmount"/>
		<PfPurposeCategory mandatory="1"/>
		<PfPurpose mandatory="1"/>
		<PfPurposeDesc mandatory="1"/>
		<PfNoEndDate mandatory="1"/>
		<PfLimitEndDate custom="ValPfLimitEndDate"/>
		<PfPackageTier mandatory="1" custom="ValPfPackageTier"/>
	</Portfolio>
	<MIG simpleEntity="1">
		<IsRefinanceLoan/>
		<IsPayoutQuoteFromOFI/>
		<IsChangeInFinancialStatus/>
		<ChangeInFinancialStatus/>
		<RepaymentPlan/>
		<IsLoanForInvestment/>
		<IsInvestmentAsSecurity/>
	</MIG>
	<Packages simpleEntity="1">
		<HaveBreakFreePackage mandatory="1"/>
		<UseExistingPackage custom="Valexistingpackage"/>
		<RequireNewPackage custom="ValRequireNewPackage"/>
		<PrimaryCardHolder custom="ValPrimaryCardHolder"/>
		<BreakFreeType custom="ValBreakFreeType"/>
		<BreakFreeCard custom="ValBreakFreeCard"/>
		<AdditionalCardHolderDateOfBirth custom="ValPkgDateOfBirth"/>
		<BreakFreeAmount custom="ValBFCreditLimitAmount"/>
		<AnzBlockCardDec custom="ValAnzBlockCardopt"/>
		<AdditionalCardHolder custom="ValPKGAdditionalCardHolder"/>
		<CreditCardType custom="ValCreditCardType" />
		<RequireANZAssuredFacility custom="ValRequireANZAssuredFacility"/>
		<AssuredCoverTemporaryExpense custom="ValAssuredCoverTemporaryExpense"/>		
		<AssuredFacilitySelected custom="ValAssuredFacilitySelected"/>
		<AssuredConsentToBeConsidered custom="ValAssuredConsentToBeConsidered"/>	
		<RequireCreditCard custom="ValRequireCreditCard"/>		
	</Packages>	
</Application>