﻿<ClickHelp>
	<HlpMsg id="M">Field is mandatory.</HlpMsg>
	<HlpMsg id="CustSumTable">Details for this customer are invalid or incomplete.&lt;br&gt;The red arrows and crosses will direct you to the details that require correction. </HlpMsg>
	<HlpMsg id="PurposeSumTable">Details for this Purpose are invalid or incomplete.&lt;br&gt;The red crosses will direct you to the details that require correction.&lt;br&gt;Hints:&lt;br&gt;Check that product amounts for this purpose agree.&lt;br&gt;Check that all products have been added.</HlpMsg>
	<HlpMsg id="ProductSumTable">Details for this Product are invalid or incomplete.&lt;br&gt;The red crosses will direct you to the details that require correction.</HlpMsg>
	<HlpMsg id="SecuritySumTable">Details for this security are invalid or incomplete.&lt;br&gt;The red arrows and crosses will direct you to the details that require correction.</HlpMsg>
	<HlpMsg id="SOPSumTable">Details for this statement of position are invalid or incomplete.&lt;br&gt;The red arrows and crosses will direct you to the details that require correction.</HlpMsg>
	<HlpMsg id="AddressLine1">Field is mandatory.&lt;br&gt;Addresses normally start with a number and end with a street type or abbreviation, eg 12/23 Shamrock Street or 34a Holland Rd</HlpMsg>
	<!--WR1970 - New Clicked elps added-->
	<HlpMsg id="StreetNo">The Unit No. or the Street No. must be filled, these fields must start with a number, eg. 34a or 243.</HlpMsg>
	<HlpMsg id="StreetName">Field is Mandatory.&lt;br&gt;Enter the applicable street name for this address.</HlpMsg>
	<HlpMsg id="StreetType">Field is Mandatory.&lt;br&gt;Select the appropriate street type from the list.</HlpMsg>
	<HlpMsg id="AddressType">Field is Mandatory.</HlpMsg>
	<!--WR1970 - New Clicked elps added-->
	<HlpMsg id="CustomerAddressTab">Each customer must have one and only one Current residential address.&lt;br&gt;If 'Time at Address' for the Current residential address is less than 3 years, the customer must also have a Previous residential address.&lt;br&gt;If the customer's mailing address is different to their residential address, they may have one and only one Current mailing address.</HlpMsg>
	<!-- Card - 256 Starts	-->
	<HlpMsg id="RelationshipPrimaryBorrowerTab">Relationship between the guarantor and the primary borrower. In case they are not related, please select option 'Not Related' from the drop down list.</HlpMsg>
	<!-- Card - 256 Ends	-->
	<HlpMsg id="AgeOfDependents">Field is mandatory if 'Number of Dependents' is greater than zero.&lt;br&gt;Please enter all ages separated by commas for ONE parent only. (eg Enter 2,7,15 if there are 3 dependents).</HlpMsg>
	<HlpMsg id="AmountThisAdvance">Field is mandatory if 'Progressive Drawdown' is ticked, and must be less than Amount Sought.</HlpMsg>
	<!-- Production defects 11.4 start-->
	<HlpMsg id="AssetDescription">Mandatory Field. For ANZ Cash, enter a valid ANZ account number (Numbers only, maximum 9 digits).</HlpMsg>
	<HlpMsg id="AssetValue">Field is mandatory.</HlpMsg>
	<!-- Production defects 11.4 End-->
	<!-- Card- 391 Starts -->
	<HlpMsg id="AssetBankFinInstitution">Mandatory when asset type is 'Deposit'.</HlpMsg>
	<!-- Card- 391 Ends -->
	<!-- Card- 784 Starts -->
	<HlpMsg id="AssetMonthlyInvestment">Field is mandatory if Property Zoning = 'Residential' or 'Rural' and Property Use = 'Investment'.</HlpMsg>
	<!-- Card- 784 Ends -->
	
	<HlpMsg id="AssetType">Field is mandatory.</HlpMsg>
	<HlpMsg id="AssetPropertyType">Field is mandatory for property assets.</HlpMsg>
	<HlpMsg id="AssetPropertyUse">Field is mandatory for property assets.</HlpMsg>
	<HlpMsg id="AssetLinkedPropAddr">Address is mandatory for property assets.Make sure that the same address is not selected for other Assets/Securities.</HlpMsg>
	<HlpMsg id="LiabilityLinkedPropAddr">Address is mandatory for related property.</HlpMsg>
	<HlpMsg id="ATOType">Field is mandatory.</HlpMsg>
	<HlpMsg id="Category">Field is mandatory.&lt;br&gt;Select a category for which this loan (or loans) are for.</HlpMsg>
	<HlpMsg id="City">Field is mandatory.&lt;br&gt;For Australian addresses, if you are unsure of the exact spelling, enter part of the city, town or suburb name into the 'City/Suburb' field and click 'find'. (eg Enter "Wol" in the 'City/Suburb' field to find Wollongong.)</HlpMsg>
	<!--WR1970_CMR005_point3 - Show appropriate click help - Start-->
	<HlpMsg id="CityStatePostcodeComboCustomer">For Australian addresses a valid combination of City/Suburb, State and Postcode must be provided.&lt;br&gt;If you are unsure, enter part of the city, town or suburb name into the 'City/Suburb' field and click 'find'. (eg Enter "Ring" in the 'City/Suburb' field to list all valid city/state/postcode combinations for Ringwood.)&lt;br&gt;For overseas addresses, City/Suburb and Postcode are mandatory.
	</HlpMsg>
	<HlpMsg id="CityStatePostcodeComboSecurity">For Australian addresses a valid combination of City/Suburb, State and Postcode must be provided.&lt;br&gt;If you are unsure, enter part of the city, town or suburb name into the 'City/Suburb' field and click 'find'. (eg Enter "Ring" in the 'City/Suburb' field to list all valid city/state/postcode combinations for Ringwood.)
	</HlpMsg>
	<!--WR1970_CMR005_point3 - Show appropriate click help - End-->
	<HlpMsg id="ContractOfSaleDate">Please enter contract of sale date if known.&lt;br&gt;This date cannot be in the future.&lt;br&gt;Please enter in 'dd/mm/yyyy' format.</HlpMsg>
	<HlpMsg id="Country">Field is mandatory for an overseas address.</HlpMsg>
	<HlpMsg id="CustomerName">Field is mandatory.&lt;br&gt;Please enter the customer's full name (eg John Robert Smith)</HlpMsg>
	<HlpMsg id="CustomerSurname">Field is mandatory.&lt;br&gt;Please enter the customer's surname</HlpMsg>
	<!-- New Validation for EMail ID added on 28-11-2017 -->
	<HlpMsg id="EmailAddress">Please enter the valid Email ID&lt;br&gt; If unknown leave blank.</HlpMsg>
	<HlpMsg id="CustomerTitle">Field is mandatory.</HlpMsg>
	<!--WR1970 - Modification in the click help of CustomerStatedValue in version 2 -->
	<HlpMsg id="CustomerStatedValue">Field is mandatory if Property Purchase = No. Please enter the value the customer believes the security is valued at or will be valued at if constructed.</HlpMsg>
	<!-- Card - 260,312 Starts -->
	<HlpMsg id="SecMajorRenovation">Tick this box for construction of a residential property or structural renovations to an existing property.</HlpMsg>
	<HlpMsg id="SecRentalIncome">Enter any rental income from this property, calculated as monthly.</HlpMsg>
	<HlpMsg id="SecInvestmentExpense">Field is mandatory if Property Zoning = 'Residential' or 'Rural' and Property Use = 'Investment'.</HlpMsg>
	<HlpMsg id="SecFloorAreaLand">Enter floor area for built/to be built properties and land area when Duplex, House, etc.</HlpMsg>
	<HlpMsg id="PkgDateOfBirth">Field is mandatory, Only if Additional Card Holder is present.&lt;br&gt;Please enter in dd/mm/yyyy format.&lt;br&gt;Applicant must be a minimum of 18 years of age.</HlpMsg>
	<!-- Card - 260,312 Ends -->
	
	
	<HlpMsg id="CustomerType">Field is mandatory.&lt;br&gt;For single customers: Customer type must be Sole Owner. &lt;br&gt;For multiple customers: One customer must be Primary Co-Owner; All other parties must be Co-Owners.</HlpMsg>
	<HlpMsg id="DateOfBirth">Field is mandatory.&lt;br&gt;Please enter in dd/mm/yyyy format.&lt;br&gt;Applicant must be a minimum of 18 years of age.</HlpMsg>
	<HlpMsg id="DriversLicenseState">Field is mandatory if a driver's license number has been entered.</HlpMsg>
	<!--WR1970  - Added a new click help for Driving licence number and Gender-->
	<HlpMsg id="DriversLicenseNumber">Drivers licence (maximum of 9 characters) must have alphanumeric characters only. at least 4 numeric characters, have no 
more than 3 alphabetic characters and the third and forth characters must be numeric</HlpMsg>
	<HlpMsg id="Gender">Field is Mandatory</HlpMsg>
	<!-- Start : Card - 253	-->
	<HlpMsg id="ResidentStatus">Field is Mandatory</HlpMsg>
	<HlpMsg id="VisaSubclass">Field is Mandatory For Temporary Resident</HlpMsg>
	<HlpMsg id="Mitigants">Field is Mandatory when “Significant Change In Financial Circumstances”</HlpMsg>
	<HlpMsg id="NatureOfChange">Field is Mandatory when “Significant Change In Financial Circumstances”</HlpMsg>
	<HlpMsg id="OtherNatureChange">Field is Mandatory when “Nature Of Change is Other”</HlpMsg>
	<HlpMsg id="OtherMitigants">Field is Mandatory when “Mitigants is Other”</HlpMsg>
	<!-- End : Card - 253	-->
	<HlpMsg id="EmployerAddress1">Field is mandatory if the customer is employed.&lt;br&gt;Please enter the employer's full address in these three fields.</HlpMsg>
	<HlpMsg id="EmployerName">Field is mandatory if the customer is employed.&lt;br&gt;Please enter the full name of the employer (eg Jones Manufacturing &amp; Distribution Pty Ltd)</HlpMsg>
	<HlpMsg id="EmployerType">Field is mandatory if the customer is employed.</HlpMsg>
	<HlpMsg id="EmploymentType">Field is mandatory.</HlpMsg>
	<!-- Card - 388	-->
	<HlpMsg id="EmployerPhone">Field is mandatory.</HlpMsg>
	<HlpMsg id="EstimatedSettlementDate">Estimated settlement date must be within 6 months.</HlpMsg>
	<HlpMsg id="ExpenseType">Field is mandatory.</HlpMsg>
	<HlpMsg id="FixedRateTerm" config="1">Please enter in years &amp; months here. (eg 20 years &amp; 6 months.) Don't enter total months. (eg 18 months).&lt;br&gt;Only available for certain products. Minimum &amp; maximum fixed rate term depends upon the product chosen.&lt;br&gt;Refer your $$APPNAME$$ Operations Manual for full details.</HlpMsg>
	<HlpMsg id="GrossMonthlyIncome">Field is mandatory if the customer is employed.&lt;br&gt;Please enter gross monthly employment income here BEFORE any tax or other deductions for this occupation.&lt;br&gt;If the customer also has employment income from other jobs, enter that information in the Statement of Position screen.&lt;br&gt;This amount must be greater than or equal to Net Monthly Income.</HlpMsg>
	<HlpMsg id="HousingStatus">Field Mandatory, Mention borrower’s post settlement housing status.</HlpMsg>
	<HlpMsg id="PreferredContact">Mandatory.Select One</HlpMsg>
	<!-- New Tags Added for New CRS Tax Resident Changes 10/02/2018-->
	<!-- 19.7 => <HlpMsg id="CustomerTaxResidents">Each customer can have Tax Residents country details.</HlpMsg> -->
	<HlpMsg id="CustomerTaxResidents">Other Country tax details are mandatory when the customer is taxed in countries other than Australia.</HlpMsg>
	<HlpMsg id="TaxResidentAustralia">Are you resident of Australia only. Select Yes option if Australia or No option if other than Australia. This field is mandatory.</HlpMsg>
	<HlpMsg id="cboCountry">Select the Tax Country.This field is optional.</HlpMsg>
	<HlpMsg id="CountryTIN">Field is optional if the customer is having tax country is selected.&lt;br&gt;Please enter the country TIN of the selected country</HlpMsg>
	<HlpMsg id="NoTinReason">Field is optional if the customer is not entered the Tin No.&lt;br&gt;You can select the Reason for not providing the TIN.</HlpMsg>
	<HlpMsg id="inpExplanation">Field is optional if the customer is not entered the Tin No.&lt;br&gt;You can select the Reason for not providing the TIN.</HlpMsg>
	<!-- New Tags Ended-->
	<HlpMsg id="IncomeType">Field is mandatory.</HlpMsg>
	<HlpMsg id="InterestOnlyTerm" config="1">Please enter in years &amp; months here. (eg 20 years &amp; 6 months.) Don't enter total months. (eg 18 months).&lt;br&gt;Only available for certain products. Minimum &amp; maximum interest only term depends upon the product chosen.&lt;br&gt;Refer your $$APPNAME$$ Operations Manual for full details.</HlpMsg>
	<HlpMsg id="InterviewBenefit">Please refer the customer to more suitable options. "You will not be able to progress this application.</HlpMsg>
	<HlpMsg id="InterviewComprehend">A 'Yes' or 'No' answer is required.</HlpMsg>
	<HlpMsg id="InterviewDate">Please enter in 'dd/mm/yyyy' format.</HlpMsg>
	<HlpMsg id="InterviewDuress">A 'Yes' or 'No' answer is required.</HlpMsg>
	<HlpMsg id="InterviewEnglish">A 'Yes' or 'No' answer is required.</HlpMsg>
	<HlpMsg id="InterviewEnquiry">If the answer is 'Yes' to the above question, then further information is required here.</HlpMsg>
	<HlpMsg id="InterviewGuarantors">A 'Yes' or 'No' answer is required.</HlpMsg>
	<HlpMsg id="InterviewInterpreter">If the answer is 'No' to the above question, then a 'Yes' or 'No' answer is required here.</HlpMsg>
	<HlpMsg id="InterviewLawyer">If the answer is 'Yes' to any of the above 4 questions, then a 'Yes' or 'No' answer is required here.</HlpMsg>
	<HlpMsg id="InterviewPresent">At least one customer must be ticked as 'Present at Interview'.</HlpMsg>
	<HlpMsg id="InterviewUnsure">A 'Yes' or 'No' answer is required.</HlpMsg>
	<HlpMsg id="LendingPurpose">Field is mandatory.&lt;br&gt;Select a purpose for which this loan is for.</HlpMsg>
	<HlpMsg id="LiabilityDescription">Please provide a brief description of the liability being entered. For a liability type of Hire Purchase/Lease, the description could be 'Car lease - BMW 530i'.&lt;br&gt;Mandatory Field. For ANZ Mortgages and ANZ Other Loans, enter a valid ANZ account number (Numbers only, maximum 9 digits).</HlpMsg>
	<HlpMsg id="AmountOwing">Please enter a value when Breakfree Card is 'Existing Card – Change to Platinum', default to zero.</HlpMsg>
	<HlpMsg id="LiabilityType">Field is mandatory.</HlpMsg>
	<!-- Card - 316 Starts -->	
	<HlpMsg id="MthlyExp">Field is mandatory.</HlpMsg>
	<HlpMsg id="LiabBankFinInstitution">Mandatory for OFI  Liabilities.</HlpMsg>
	<HlpMsg id="PkgAdditionalCardHold">Select Additional Card Holder name. If Additional Card Holder not in application select "Not in Application" and enter details.</HlpMsg>	
	<!-- Card - 316 Ends -->
	<HlpMsg id="LimitAmount" config="1">Field is mandatory.&lt;br&gt;The Total Amount Sought for all products must equal the Amount Sought for the loan purpose. (eg If the Purpose amount sought is $250,000 then the Equity Manager product must also equal $250,000)&lt;br&gt;The minimum &amp; maximum overdraft limit depends upon the product chosen. Refer your $$APPNAME$$ Operations Manual for full details.</HlpMsg>
	<HlpMsg id="LimitEndDate">Field is mandatory if 'No end date' field is NOT ticked.&lt;br&gt; This date must be greater than the Overdraft Limit Start Date.&lt;br&gt;Please enter in 'dd/mm/yyyy' format.</HlpMsg>
	<HlpMsg id="LimitStartDate">Field is mandatory.&lt;br&gt;This date must be later than the Estimated Settlement Date entered in the Loan Purpose screen.&lt;br&gt;Please enter in 'dd/mm/yyyy' format.</HlpMsg>
	<HlpMsg id="LoanTerm" config="1">Field is mandatory.&lt;br&gt;Please enter in years &amp; months here. (eg 20 years &amp; 6 months.) Don't enter total months. (eg 18 months).&lt;br&gt;Minimum &amp; maximum loan term depends upon the product chosen. Refer your $$APPNAME$$ Operations Manual for full details.</HlpMsg>
	<HlpMsg id="MailingTitle">Field is mandatory.&lt;br&gt;Please enter how the customer wants their envelopes addressed. (eg Mr J Smith; Dr G L Jones)</HlpMsg>
	<HlpMsg id="MaritalStatus">Field is mandatory.</HlpMsg>
	<HlpMsg id="MonthsField">Please enter in years and months. (eg 2 years and 6 months.) Do not enter total months. (eg 18 months).</HlpMsg>
	<HlpMsg id="NetMonthlyIncome">Field is mandatory if the customer is employed.&lt;br&gt;Enter net monthly employment income here AFTER tax or any other deductions for this occupation.&lt;br&gt;If the customer also has employment income from other jobs, enter that information in the Statement of Position screen.&lt;br&gt;This amount must be equal to or less than Gross Monthly Income.</HlpMsg>
	<HlpMsg id="NominatedBSB">Field is mandatory.&lt;br&gt;Please enter the 4-digit BSB of the ANZ branch where the customer wishes their account to reside. (eg 3006)&lt;br&gt;Click the 'find' button to help find the BSB number.</HlpMsg>
	<HlpMsg id="NumberOfVehicles">Field is mandatory for an asset type of vehicle.&lt;br&gt;Please enter a value between 1 and 99.</HlpMsg>
	<HlpMsg id="OccupationCode">Field is mandatory.</HlpMsg>
	<HlpMsg id="Postcode">Field is mandatory.&lt;br&gt;For Australian addresses, if you are unsure of the postcode, enter part of the city, town or suburb name into the 'City/Suburb' field and click 'find'. (eg Enter "Ring" in the 'City/Suburb' field to list all valid postcodes for Ringwood.)</HlpMsg>
	<HlpMsg id="PrevEmploymentType">Field is mandatory if the time at current employment on the previous tab is less than 2 years.</HlpMsg>
	<HlpMsg id="PrevOccupationCode">Field is mandatory if the time at current employment on the previous tab is less than 2 years.</HlpMsg>
	<HlpMsg id="PrevEmployerName">Field is mandatory if the customer was previously employed.&lt;br&gt;Please enter the full name of the employer (eg Jones Manufacturing &amp; Distribution Pty Ltd)</HlpMsg>
	<HlpMsg id="ProductAmountSought">Field is mandatory.&lt;br&gt;The Total Amount Sought for all products must equal the Amount Sought for the loan purpose. (eg If the Purpose amount sought is $250,000 then the Home Loan Variable product must also equal $250,000, or the sum of the Home Loan Variable &amp; Fixed products must equal $250,000.)</HlpMsg>
	<HlpMsg id="PropertyStatus">Field is mandatory.</HlpMsg>
	<HlpMsg id="PropertyType">Field is mandatory.</HlpMsg>
	<HlpMsg id="PropertyUse">Field is mandatory.</HlpMsg>
	<!--WR1970 - Removed the click helps of Property Tenure and Property Zoning as its mandatory is removed from version 2 -->
	<HlpMsg id="PurposeAmountSought">This is a calculated amount.&lt;br&gt;It must be greater than zero, and equal to the sum of all product amounts for this purpose.</HlpMsg>
	<HlpMsg id="Salutation">Field is mandatory.&lt;br&gt;Please enter how the customer wants their letter's titled after the word "Dear". (eg Enter Mr Smith if "Dear Mr Smith" is required.)</HlpMsg>
	<HlpMsg id="SecurityAddressTab">A security address is mandatory, unless security details are 'To be Advised'.Make sure that the same address in not selected for other securities or property assets in statement of position.</HlpMsg>
	<!--<HlpMsg id="SecurityAddressTab">A security address is mandatory, unless security details are 'To be Advised'.</HlpMsg>-->
	<HlpMsg id="SecurityGivenBy1">Field is mandatory.&lt;br&gt;Please enter the customer's names who are providing the security.</HlpMsg>
	<HlpMsg id="SecurityValue">Field is mandatory for Property Purchase. Please enter the value of the security.  It should be obtained from the Valuation or Contract of Sale.  If unknown, enter an estimate &amp; ANZ may conduct its own valuation.</HlpMsg>
	<HlpMsg id="SecGuaranteeType">Field is mandatory for Guarantee Security Type.</HlpMsg>
	<HlpMsg id="SolicitorDetails">Solicitor details are optional. If details are provided, you must include the solicitor's Name or Firm.</HlpMsg>
	<HlpMsg id="SecurityTBASubUrb">Field is mandatory.</HlpMsg>
     	<HlpMsg id="SecurityTBAState">Field is mandatory.</HlpMsg>
	<HlpMsg id="SecurityTBAPostCode">Field is mandatory.</HlpMsg>
	<HlpMsg id="CityStatePCProperty">Fields mandatory for security details TBA</HlpMsg>
	<!--WR1970_CMR002 -->
	<HlpMsg id="SOPLabel">All customers on the application must be related to a Statement of Position.</HlpMsg>
	<HlpMsg id="SOPTab">At least one customer must be related to this Statement of Position.</HlpMsg>
	<HlpMsg id="SPDate">Field is mandatory.&lt;br&gt;Please enter the date that the S/P was completed by the customer(s).This date cannot be in the future or older than 3 years.&lt;br&gt;Please enter in 'dd/mm/yyyy' format.</HlpMsg>
	<HlpMsg id="SPDescription">Field is mandatory.&lt;br&gt;Please enter a meaningful description of the S/P.&lt;br&gt;(e.g.  Joint S/P of Jack &amp; Betty Jones.)</HlpMsg>
	<HlpMsg id="State">Field is mandatory for Australian addresses.</HlpMsg>
	<HlpMsg id="SubProductCode" config="1">Field is mandatory.&lt;br&gt;The available Product selection here depends upon the Loan Purpose chosen. Refer your $$APPNAME$$ Operations Manual for full details.</HlpMsg>
	<HlpMsg id="TransferOfLandValue">Field is mandatory if purchasing a property.&lt;br&gt;Enter the value of the property as specified on the Transfer of Land document or Contract of Sale.</HlpMsg>
	<!--WR1970 - Amended the clicked help -->
	<HlpMsg id="ValidCustType">The application must contain one primary borrower (ie a Primary Co-owner or Sole Owner).&lt;br&gt;If the application has only one borrower then they must be a Sole Owner.&lt;br&gt;If the application has more than one borrower then one of them must be a Primary Co-owner and all others must be Other Co-owners.&lt;br&gt;A maximum of 8 borrowers is allowed per application.&lt;br&gt;&lt;br&gt;A maximum of 4 guarantors is allowed per application</HlpMsg>
	<HlpMsg id="ValuationDate">If a valuation has already been performed on the property, enter the date of that valuation here.&lt;br&gt;Please enter in 'dd/mm/yyyy' format. This date cannot be in the future.</HlpMsg>
	<!--WR1970 - Added New clicked help for Summary/Comments -->
	<HlpMsg id="Comments">This field is mandatory. You are required to provide a brief overview of the application before continuing.</HlpMsg>
	<!--WR1970 - Added new click help for Security Given By-->
	<HlpMsg id="SecurityGivenBy">Security must be given by at least one customer or guarantor.</HlpMsg>
	<!--WR1970 - Added new click help for Security Type guidelines-->
	<HlpMsg id="ValidSecType">The Application must contain at least one Registered Mortgage security type. ANZ Term Deposits and Guarantee's are to be used as supporting security type's only if applicable. A maximum of 12 securities is allowed per application.</HlpMsg>
	<!--WR1970 - Added a new click help for Guarantee Amount -->
	<HlpMsg id="GuaranteeAmount">Field is mandatory.&lt;br&gt;Please provide the amount the guarantee is to be limited to.</HlpMsg>
	<!--WR1970 - Added a new click help for Security Value if Security type = ANZ Term Deposit -->
	<HlpMsg id="ANZTermDepositSecurityValue">Field is mandatory.</HlpMsg>
	<!--WR1970 - LHN - Added new click help for Customer Employment Screen-->
	<HlpMsg id="CustomerEmpl">Each customer must have one and only one ‘Current Employment – Primary’ record or be ‘Current – Unemployed’.&lt;br&gt;If 'Time at Employment' for the Current Employment - Primary is less than 2 years, then the customer must also have a Previous Employment record. &lt;br&gt;No more than 1 ‘Current – Unemployed’ record can be recorded.&lt;br&gt;No more than 5 ‘Current Employment – Secondary’ records can be recorded.&lt;br&gt; No more than 5 ‘Previous Employment’ records can be recorded. &lt;br&gt; </HlpMsg>
	<HlpMsg id="CustomerTaxResidents">Each customer can have Tax Residents country details.</HlpMsg>
	<!--WR1970 - LHN - Added new click help for Add/Edit Employment record popup window-->
	<HlpMsg id="EmploymentStatus">Field is Mandatory.&lt;br&gt;One current employment record must be Primary or Unemployed.</HlpMsg>
	<!--WR1970 - LHN - Added new click help nodes for "Show Legend" & "Online Application Exclusion" - Start-->
	<HlpMsg id="ShowLegend">
		&lt;table  id="tblLegend" cellpadding="2" cellspacing="0" style="font:normal 8pt Arial" width="100%"&gt;
			&lt;tr&gt;
				&lt;td align="middle"  style="border-right:1.1pt solid #0000cc;border-bottom:1.1pt solid #0000cc"&gt;
					&lt;img src="../images/blue_asteric.gif" /&gt;
				&lt;/td&gt;
				&lt;td style="border-bottom:1.1pt solid #0000cc"&gt;Rule applies&lt;/td&gt;
			&lt;/tr&gt;
			&lt;tr&gt;
				&lt;td align="middle"  style="border-right:1.1pt solid #0000cc;border-bottom:1.1pt solid #0000cc"&gt;
					&lt;img src="../images/red_cross.gif" /&gt;
				&lt;/td&gt;
				&lt;td style="border-bottom:1.1pt solid #0000cc"&gt;Warning/Error&lt;/td&gt;
			&lt;/tr&gt;
			&lt;tr&gt;
				&lt;td align="middle"  style="border-right:1.1pt solid #0000cc;border-bottom:1.1pt solid #0000cc"&gt;
					&lt;img src="../images/red_arrow.gif" /&gt;
				&lt;/td&gt;
				&lt;td style="border-bottom:1.1pt solid #0000cc"&gt;Tab Warning/Error&lt;/td&gt;
			&lt;/tr&gt;
			&lt;tr&gt;
				&lt;td align="middle"  style="border-right:1.1pt solid #0000cc"&gt;
					&lt;img src="../images/green_tick.gif" /&gt;
				&lt;/td&gt;
				&lt;td&gt;Page is OK&lt;/td&gt;
			&lt;/tr&gt;
		&lt;/table&gt;
	</HlpMsg>
	<HlpMsg id="OnlineAppExcl">
		&lt;table  id="tblOnlineAppExcl" cellpadding="2" cellspacing="0" style="font:normal 8pt Arial" width="100%"&gt;
			&lt;tr&gt;
				&lt;td align="middle"  style="border-bottom:1.1pt solid #0000cc"&gt;
					&lt;img src="../images/blue_right_arrow.gif" /&gt;
				&lt;/td&gt;
				&lt;td style="border-bottom:1.1pt solid #0000cc"&gt;Company/Trust Applications&lt;/td&gt;
			&lt;/tr&gt;
			&lt;tr&gt;
				&lt;td align="middle"  style="border-bottom:1.1pt solid #0000cc"&gt;
					&lt;img src="../images/blue_right_arrow.gif" /&gt;
				&lt;/td&gt;
				&lt;td style="border-bottom:1.1pt solid #0000cc"&gt;Interest In Advance Loans&lt;/td&gt;
			&lt;/tr&gt;
			&lt;tr&gt;
				&lt;td align="middle"  style="border-bottom:1.1pt solid #0000cc"&gt;
					&lt;img src="../images/blue_right_arrow.gif" /&gt;
				&lt;/td&gt;
				&lt;td style="border-bottom:1.1pt solid #0000cc"&gt;Locked Rate Loans&lt;/td&gt;
			&lt;/tr&gt;
			&lt;tr&gt;
				&lt;td align="middle"  style="border-bottom:1.1pt solid #0000cc"&gt;
					&lt;img src="../images/blue_right_arrow.gif" /&gt;
				&lt;/td&gt;
				&lt;td&gt;2nd Registered Mortgages&lt;/td&gt;
			&lt;/tr&gt;
		&lt;/table&gt;
	</HlpMsg>
	<!--WR1970 - LHN - Added new click help nodes for "Show Legend" & "Online Application Exclusion" - End-->
	<HlpMsg id="PfPurposeCategory">Field is mandatory.&lt;br&gt;Select a purpose category for the Portfolio facility.</HlpMsg>
	<HlpMsg id="PfPurpose">Field is mandatory.&lt;br&gt;Select a purpose for the Portfolio facility. </HlpMsg>
	<HlpMsg id="PfPurposeDesc">Field is mandatory.&lt;br&gt;Enter a description for the Portfolio purpose selected.</HlpMsg>
	<HlpMsg id="PortfolioAmount">Field is mandatory.&lt;br&gt;The Amount Sought for the portfolio must be greater than or equal to the total of the Amounts Sought for all sub-account purposes.</HlpMsg>
	<HlpMsg id="PfLimitEndDate">Field is mandatory if 'No End Date' field is NOT ticked. This date must be in the future and greater than all purpose settlement dates.Please enter in 'dd/mm/yyyy' format. The Portfolio end date must be the same as the Overdraft limit end date of the primary account.</HlpMsg>
	<HlpMsg id="PfPackageTier">Field is mandatory. &lt;br&gt;Select the appropriate Package Tier from the list. &lt;br&gt; The Package Tier should be consistent with the amount of sub accounts intended to be contained within the Portfolio.</HlpMsg>
	<HlpMsg id="PfPrimary">One Equity Manager product must be designated as the Primary Account of the Portfolio arrangement.</HlpMsg>
	<HlpMsg id="PrdRelCust">Each Portfolio Sub-Product must contain one primary borrower (ie a Primary Co-owner or Sole Owner).
&lt;br&gt; If the Portfolio Sub-Product has only one borrower then they must be a Sole Owner.
&lt;br&gt; When a customer is not a borrower of a Sub-Product in a Portfolio, they must be linked as an Un-named Owner.
&lt;br&gt; If the Portfolio Sub-Product has multiple customers, one customer must be Primary Co-Owner and all others must be Co-owner Other or Un-named Owner.  
&lt;br&gt; If a customer is a Guarantor at the Portfolio level, they must be linked as a Guarantor to each Sub-Product.</HlpMsg>
	<HlpMsg id="PrimaryAccGuideLine">One Equity Manager product must be designated as the Primary Account of the Portfolio arrangement.</HlpMsg>
	<HlpMsg id="MIGLenders">Field is Mandatory, please refer to the Lenders Guide for further assistance.</HlpMsg>
	<!--WR4306 - Added new click help for Security Registration Period field guidelines-->
	<HlpMsg id="BreakFreeCreditLimit">Field mandatory for new Breakfree Credit Card. Please enter a value between $1000 and $50,000 with increment of $500.&lt;br&gt;Existing Credit Card – Change to Platinum – enter an amount if the customer requires a credit limit increase. Required if their credit limit is less than $1,000</HlpMsg>
	<HlpMsg id="OffsetReqd">Field is Mandatory.</HlpMsg>
	<HlpMsg id="OffsetAccNo">9 digit account number expected.</HlpMsg>
	<!--SAP BreakFree -->
	<HlpMsg id="HaveBreakFreePackage">A 'Yes' or 'No' answer is required.</HlpMsg>
	<HlpMsg id="UseExistingPackage">A 'Yes' or 'No' answer is required.</HlpMsg>
	<HlpMsg id="RequireNewPackage">A 'Yes' or 'No' answer is required.</HlpMsg>
	<HlpMsg id="RequirePackage">A 'Yes' or 'No' answer is required.</HlpMsg>
	<HlpMsg id="PrimaryCardHolder">Field is Mandatory.</HlpMsg>
	<HlpMsg id="BreakFreeType">Field is Mandatory.</HlpMsg>
	<HlpMsg id="BreakFreeCard">Field is Mandatory when Breakfree Type is either "New Credit Card" or "Existing Card – Change to Platinum or Black".</HlpMsg>
	<HlpMsg id="BreakFreeAmount">Field mandatory for new Breakfree Credit Card and Existing Credit Card - Change to Platinum or Black. &lt;br&gt;Please enter a value between $15,000 and $75,000 with increment of $500 for ANZ Rewards Black or &lt;br&gt;ANZ Frequent Flyer Black.&lt;br&gt;Please enter a value between $6,000 and $50,000 with increment of $500 for Platinum Products.&lt;br&gt;Please enter a value between $1,000 and $50,000 with increment of $500 for ANZ Low Rate Product.</HlpMsg>
	<HlpMsg id="AnzBlockCardDec">Field is Mandatory when card type is  "ANZ Rewards Black or ANZ Frequent Flyer Black".</HlpMsg>
	<HlpMsg id="ReasonForInterestOnly">This is madatory field.Select a value from drop down box</HlpMsg>
	<HlpMsg id="OtherReasonForInterestOnly">This is mandatory field. &lt;br&gt; Enter other reason.</HlpMsg>
	
	<HlpMsg id="CreditCardType">Field is Mandatory.</HlpMsg>
	<!--Rel 18.1 SE-eMOS-04-001A - Does customer require an ANZ assured facility? -->
	<HlpMsg id="RequireANZAssuredFacility">A 'Yes' or 'No' answer is required.</HlpMsg>
	
	<!--Rel 18.1 SE-eMOS-04-006 - Usually we suggest ANZ assured to provide ... ? -->
	<HlpMsg id="AssuredCoverTemporaryExpense">A 'Yes' or 'No' answer is required.</HlpMsg>
	
	<!--Rel 18.1 SE-eMOS-04-003, SE-eMOS-04-003A, SE-eMOS-04-004 -->
	<HlpMsg id="AssuredFacilitySelected">A 'Yes' or 'No' answer is required.</HlpMsg>
	<HlpMsg id="RequireCreditCard">A 'Yes' or 'No' answer is required.</HlpMsg>
	
	<!--Rel 18.1 SE-eMOS-04-003A - If the Customer does not meet the credit and product ... -->
	<HlpMsg id="AssuredConsentToBeConsidered">A 'Yes' or 'No' answer is required.</HlpMsg>
	<HlpMsg id="JointOwner">Tick to specify percentage ownership split-up &lt;br&gt; The percentage split-up should add to 100 &lt;br&gt; If left un-ticked ownership gets divided equally between all SOP parties</HlpMsg>
	<HlpMsg id="UpgradeSOP">"Please make sure that the information captured for all items are complete and valid. For existing records, please review each item by clicking 'Edit'; correct the missing/wrong data and save the item to proceed.."</HlpMsg>
	<HlpMsg id="SOPIncomeGovtBenefits">"Please make sure that the information captured for all items are complete and valid. &lt;br&gt; For existing records, please review each item by clicking 'Edit'; correct the missing/wrong data and save the item to proceed.." &lt;br&gt; </HlpMsg>
	<!--Rel 18.5 BCOP Changes-->		
	<HlpMsg id="InterviewRisk">Please refer the customer to more suitable options. "You will not be able to progress this application".</HlpMsg>	
	<HlpMsg id="CoBorrowerReason">If the answer is 'Yes' to the above question, then further information is required here.</HlpMsg>	
	
	<HlpMsg id="InConnection">Please refer the customer to more suitable options. "You will not be able to progress this application".</HlpMsg>
	<!--<HlpMsg id="Unreasonable">Please refer the customer to more suitable options. "You will not be able to progress this application".</HlpMsg>
	<HlpMsg id="Obligations">Please refer the customer to more suitable options. "You will not be able to progress this application".</HlpMsg>
	<HlpMsg id="FinancialAbuse">Please refer the customer to more suitable options. "You will not be able to progress this application".</HlpMsg> -->		
</ClickHelp>
