<!-- edited with XML Spy v4.4 U (http://www.xmlspy.com) by ANZ Information Technology Pvt.Ltd (ANZ Information Technology Pvt.Ltd) -->
<Application eMOSVersion="3.6" configType="" mode="" appTitle="" appPath="" appCustomers="" appAmounts="$0" valid_Application="" valid_AppDetails="" valid_Customers="" ValCustomersTypeCombination="" valid_Securities="" ValSecuritiesCombination="" valid_Solicitor="" ValSolicitor="" valid_Purposes="" valid_StatementsOfPosition="" ValSPDirectOwners="" valid_Fees="" ValFees="" valid_IDN="" valid_entity_AppDetails="0" valid_entity_Customers="0" valid_entity_Securities="0" valid_entity_Solicitor="0" valid_entity_Purposes="0" valid_entity_StatementsOfPosition="0" valid_entity_Fees="0" valid_entity_IDN="0" valid_entity_Application="0" maxCustomerID="0" maxSecurityID="0" maxPurposeID="0" maxProductID="0" maxStatementOfPositionID="0" maxAddressID="0" valid_Summary="" LoDocApp="0" PortfolioApp="0" ValPurposesForPortfolioPrimary="" valid_MIG="" valid_Packages="" ReasonForIntOnly="" OtherReasonForIntOnly="">
	<AppDetails/>
	<Portfolio PfSummaryDescription="" PfSummaryDetails="" PortfolioAmount="" DisplayAmt="" validimg="" valid="" PortfolioAmountFormatted=""/>
	<Customers>
		<Customer CustomerTypeDescription="" validimg="" valid="">
			<CustomerName/>
			<Type/>
			<DateOfBirth/>
		</Customer>
	</Customers>
	<StatementsOfPosition>
		<StatementOfPosition TotAsset="" fmtTotAsset="" TotLiability="" fmtTotLiability="" TotIncome="" TotSecIncome="" fmtTotIncome="" TotExpense="" fmtTotExpense="" valid="" validimg="">
			<SPDescription/>
		</StatementOfPosition>
	</StatementsOfPosition>
	<Purposes>
		<Purpose CategoryCodeDescription="" PurposeCodeDescription="" TotalAmount="" DisplayAmt="" validimg="" valid="">
			<PurposeID/>
			<LendingPurposeDescription/>
			<Products>
				<Product ProductCodeDescription="" ProductAmount="" validimg="" valid="">
					<ProductID/>
					<ProductCode/>
				</Product>
			</Products>
		</Purpose>
	</Purposes>
	<Securities>
		<Security validimg="" valid="" SecurityTypeDescription="" AddressDtls="" Value="$0"/>
	</Securities>
	<Solicitor/>
	<Addresses/>
	<RelatedCustomers/>
	<Fees/>
	<IDN/>
	<Summary valid_Notes=""/>
	<MIG/>
	<Packages/>
</Application>
