<LabelsPerPurposeCategory>
	<PurposeLabels>
		<ForPurposes>
			<PurposeCategory CatCode="011" CatDesc="Bridging"/>
		</ForPurposes>
		<PurchasePrice1>Bridging Portion $:</PurchasePrice1>
		<PurchasePrice2>Ongoing Portion $:</PurchasePrice2>
		<DepositPaid>Deposit Paid $:</DepositPaid>
	</PurposeLabels>
	<PurposeLabels>
		<ForPurposes>
			<PurposeCategory CatCode="001" CatDesc="Construction of Dwellings"/>
		</ForPurposes>
		<PurchasePrice1>Purchase Price of Land $:</PurchasePrice1>
		<PurchasePrice2>Build Contract Price $:</PurchasePrice2>
		<DepositPaid>Deposit Paid $:</DepositPaid>
	</PurposeLabels>
	<PurposeLabels>
		<ForPurposes>
			<PurposeCategory CatCode="005" CatDesc="Home Improvement"/>
		</ForPurposes>
		<PurchasePrice1>Cost of Improvements $:</PurchasePrice1>
		<PurchasePrice2/>
		<DepositPaid/>
	</PurposeLabels>
	<PurposeLabels>
		<ForPurposes>
			<PurposeCategory CatCode="002" CatDesc="Purchase Established Dwellings"/>
			<PurposeCategory CatCode="003" CatDesc="Purchase New Dwelling"/>
			<PurposeCategory CatCode="004" CatDesc="Purchase Land"/>
			<PurposeCategory CatCode="007" CatDesc="Supplementary"/>
		</ForPurposes>
		<PurchasePrice1>Purchase Price $:</PurchasePrice1>
		<PurchasePrice2/>
		<DepositPaid>Deposit Paid $:</DepositPaid>
	</PurposeLabels>
	<PurposeLabels>
		<ForPurposes>
			<PurposeCategory CatCode="006" CatDesc="Re-finance"/>
		</ForPurposes>
		<PurchasePrice1>Balance of Loans to Re-finance</PurchasePrice1>
		<PurchasePrice2/>
		<DepositPaid/>
	</PurposeLabels>
</LabelsPerPurposeCategory>
