<?xml version="1.0"?>
<!-- edited with XML Spy v4.4 U (http://www.xmlspy.com) by Manikandan (ANZ Information Technology Pvt.Ltd) -->
<RefData companyID="10" version="1.3.1" createDate="2004-02-16">
	<A_TS_PURP_CODE_DESC>
		<R PURPOSE_CATEGORY="001" PURPOSE_CODE="301" CODE_DESC="Construction-1st Home" ALLOW_PF_DET="0" ALLOW_PF_PP="1"/>
		<R PURPOSE_CATEGORY="001" PURPOSE_CODE="300" CODE_DESC="Construction-Not 1st Home" ALLOW_PF_DET="0" ALLOW_PF_PP="1"/>
		<R PURPOSE_CATEGORY="001" PURPOSE_CODE="180" CODE_DESC="Construction - Investment Property" ALLOW_PF_DET="0" ALLOW_PF_PP="1"/>
		<R PURPOSE_CATEGORY="002" PURPOSE_CODE="341" CODE_DESC="Purch Estab Home-1st Home" ALLOW_PF_DET="1" ALLOW_PF_PP="1"/>
		<R PURPOSE_CATEGORY="002" PURPOSE_CODE="340" CODE_DESC="Purch Estab Home-Not 1st Home" ALLOW_PF_DET="1" ALLOW_PF_PP="1"/>
		<R PURPOSE_CATEGORY="002" PURPOSE_CODE="180" CODE_DESC="Purch Estab - Investment Property" ALLOW_PF_DET="1" ALLOW_PF_PP="1"/>
		<R PURPOSE_CATEGORY="003" PURPOSE_CODE="321" CODE_DESC="Purch New Home-1st Home" ALLOW_PF_DET="1" ALLOW_PF_PP="1"/>
		<R PURPOSE_CATEGORY="003" PURPOSE_CODE="180" CODE_DESC="Purch New - Investment Property" ALLOW_PF_DET="1" ALLOW_PF_PP="1"/>
		<R PURPOSE_CATEGORY="003" PURPOSE_CODE="320" CODE_DESC="Purch New Home-Not 1st Home" ALLOW_PF_DET="1" ALLOW_PF_PP="1"/>
		<R PURPOSE_CATEGORY="004" PURPOSE_CODE="120" CODE_DESC="Residential Land" ALLOW_PF_DET="0" ALLOW_PF_PP="0"/>
		<R PURPOSE_CATEGORY="004" PURPOSE_CODE="180" CODE_DESC="Investment Land" ALLOW_PF_DET="0" ALLOW_PF_PP="0"/>
		<R PURPOSE_CATEGORY="005" PURPOSE_CODE="180" CODE_DESC="Investment Property - Improvements" ALLOW_PF_DET="1" ALLOW_PF_PP="1"/>
		<R PURPOSE_CATEGORY="005" PURPOSE_CODE="360" CODE_DESC="Home Improvements-Alterations/Additions" ALLOW_PF_DET="1" ALLOW_PF_PP="1"/>
		<R PURPOSE_CATEGORY="006" PURPOSE_CODE="371" CODE_DESC="Refinance ANZ Home Loan" ALLOW_PF_DET="1" ALLOW_PF_PP="1"/>
		<R PURPOSE_CATEGORY="006" PURPOSE_CODE="170" CODE_DESC="Refinance Existing ANZ Loan" ALLOW_PF_DET="1" ALLOW_PF_PP="1"/>
		<R PURPOSE_CATEGORY="006" PURPOSE_CODE="370" CODE_DESC="Refinance Non-ANZ Home Loan" ALLOW_PF_DET="1" ALLOW_PF_PP="1"/>
		<R PURPOSE_CATEGORY="006" PURPOSE_CODE="180" CODE_DESC="Refinance Investment Loan" ALLOW_PF_DET="1" ALLOW_PF_PP="1"/>
		<R PURPOSE_CATEGORY="006" PURPOSE_CODE="190" CODE_DESC="Refinance Non ANZ Investment Loan" ALLOW_PF_DET="0" ALLOW_PF_PP="0"/>
		<R PURPOSE_CATEGORY="007" PURPOSE_CODE="170" CODE_DESC="Refinance Existing ANZ Loan" ALLOW_PF_DET="1" ALLOW_PF_PP="1"/>
		<R PURPOSE_CATEGORY="007" PURPOSE_CODE="371" CODE_DESC="Refinance ANZ Home Loan" ALLOW_PF_DET="1" ALLOW_PF_PP="1"/>
		<R PURPOSE_CATEGORY="007" PURPOSE_CODE="370" CODE_DESC="Refinance Non-ANZ Home Loan" ALLOW_PF_DET="1" ALLOW_PF_PP="1"/>
		<R PURPOSE_CATEGORY="007" PURPOSE_CODE="160" CODE_DESC="Travel Holidays" ALLOW_PF_DET="0" ALLOW_PF_PP="1"/>
		<R PURPOSE_CATEGORY="007" PURPOSE_CODE="101" CODE_DESC="Used Motor Car" ALLOW_PF_DET="0" ALLOW_PF_PP="1"/>
		<R PURPOSE_CATEGORY="007" PURPOSE_CODE="102" CODE_DESC="Other Motor Vehicle" ALLOW_PF_DET="0" ALLOW_PF_PP="1"/>
		<R PURPOSE_CATEGORY="007" PURPOSE_CODE="185" CODE_DESC="Other Investments" ALLOW_PF_DET="1" ALLOW_PF_PP="1"/>
		<R PURPOSE_CATEGORY="007" PURPOSE_CODE="100" CODE_DESC="New Motor Car" ALLOW_PF_DET="0" ALLOW_PF_PP="1"/>
		<R PURPOSE_CATEGORY="007" PURPOSE_CODE="103" CODE_DESC="Motor Cycles" ALLOW_PF_DET="0" ALLOW_PF_PP="1"/>
		<R PURPOSE_CATEGORY="007" PURPOSE_CODE="140" CODE_DESC="Household/Personal" ALLOW_PF_DET="0" ALLOW_PF_PP="1"/>
		<R PURPOSE_CATEGORY="007" PURPOSE_CODE="360" CODE_DESC="Home Improvements-Alterations/Additions" ALLOW_PF_DET="0" ALLOW_PF_PP="1"/>
		<R PURPOSE_CATEGORY="007" PURPOSE_CODE="180" CODE_DESC="Investments" ALLOW_PF_DET="0" ALLOW_PF_PP="1"/>
		<R PURPOSE_CATEGORY="007" PURPOSE_CODE="150" CODE_DESC="Debt Consolidation-Non ANZ Loans" ALLOW_PF_DET="1" ALLOW_PF_PP="1"/>
		<R PURPOSE_CATEGORY="007" PURPOSE_CODE="104" CODE_DESC="Boats or Caravans" ALLOW_PF_DET="0" ALLOW_PF_PP="1"/>
		<R PURPOSE_CATEGORY="011" PURPOSE_CODE="341" CODE_DESC="Purch Estab Home-1st Home" ALLOW_PF_DET="0" ALLOW_PF_PP="1"/>
		<R PURPOSE_CATEGORY="011" PURPOSE_CODE="340" CODE_DESC="Purch Estab Home-Not 1st Home" ALLOW_PF_DET="0" ALLOW_PF_PP="1"/>
		<R PURPOSE_CATEGORY="011" PURPOSE_CODE="321" CODE_DESC="Purch New Home-1st Home" ALLOW_PF_DET="0" ALLOW_PF_PP="1"/>
		<R PURPOSE_CATEGORY="011" PURPOSE_CODE="320" CODE_DESC="Purch New Home-Not 1st Home" ALLOW_PF_DET="0" ALLOW_PF_PP="1"/>
		<R PURPOSE_CATEGORY="011" PURPOSE_CODE="300" CODE_DESC="Construction-Not 1st Home" ALLOW_PF_DET="0" ALLOW_PF_PP="1"/>
		<R PURPOSE_CATEGORY="011" PURPOSE_CODE="301" CODE_DESC="Construction-1st Home" ALLOW_PF_DET="0" ALLOW_PF_PP="1"/>
	</A_TS_PURP_CODE_DESC>
	<A_TS_SEC_TYPES>
		<R TYPE_CODE="A" CODE_DEESC="ANZ Term Deposit" DEPOSIT_PRODUCT="CDA" DEF_TITLE_TYPE="" PROPERTY_BASED="0" ALW_DTLS_TBA="0" TBA_DEF_STAMP_TYPE="" CALCULATE_FMV="0" FMV_APPLICABLE="1" M1V_APPLICABLE="0" GAMT_APPLICABLE="0" ALW_GUARANTEE_UNLMTD="0" ELA_APPLICABLE="0"/>
		<R TYPE_CODE="B" CODE_DEESC="Registered Mortgage" DEPOSIT_PRODUCT="" DEF_TITLE_TYPE="T" PROPERTY_BASED="1" ALW_DTLS_TBA="1" TBA_DEF_STAMP_TYPE="P" CALCULATE_FMV="0" FMV_APPLICABLE="1" M1V_APPLICABLE="0" GAMT_APPLICABLE="0" ALW_GUARANTEE_UNLMTD="0" ELA_APPLICABLE="1"/>
		<R TYPE_CODE="D" CODE_DEESC="Guarantee" DEPOSIT_PRODUCT="" DEF_TITLE_TYPE="" PROPERTY_BASED="0" ALW_DTLS_TBA="0" TBA_DEF_STAMP_TYPE="" CALCULATE_FMV="0" FMV_APPLICABLE="0" M1V_APPLICABLE="0" GAMT_APPLICABLE="1" ALW_GUARANTEE_UNLMTD="1" ELA_APPLICABLE="1"/>
	</A_TS_SEC_TYPES>
	<A_TS_SEC_STATUS_CODES>
		<R STATUS_CODE="H" CODE_DESC="Already held by ANZ"/>
		<R STATUS_CODE="T" CODE_DESC="To be taken by ANZ"/>
	</A_TS_SEC_STATUS_CODES>
</RefData>
