<?xml version="1.0"?>
<RefData companyID="10" version="2.0" createDate="2005-06-08">
	<A_TS_ASSET_TYPES>
		<R TYPE_CODE="001" CODE_DESC="ANZ Cash" TYPE_CAT="C" ONE_PER_SOP="0"/>
		<R TYPE_CODE="009" CODE_DESC="Deposit" TYPE_CAT="P" ONE_PER_SOP="-1"/>
		<R TYPE_CODE="005" CODE_DESC="Household Furniture &amp; Effects" TYPE_CAT="O" ONE_PER_SOP="0"/>
		<R TYPE_CODE="008" CODE_DESC="Other" TYPE_CAT="O" ONE_PER_SOP="0"/>
		<R TYPE_CODE="002" CODE_DESC="Other Fin Inst Cash" TYPE_CAT="C" ONE_PER_SOP="0"/>
		<R TYPE_CODE="003" CODE_DESC="Property" TYPE_CAT="P" ONE_PER_SOP="0"/>
		<R TYPE_CODE="007" CODE_DESC="Shares/Unit Trust" TYPE_CAT="O" ONE_PER_SOP="0"/>
		<R TYPE_CODE="006" CODE_DESC="Superannuation" TYPE_CAT="O" ONE_PER_SOP="0"/>
		<R TYPE_CODE="004" CODE_DESC="Vehicle" TYPE_CAT="O" ONE_PER_SOP="1"/>
	</A_TS_ASSET_TYPES>	
	<A_TS_ASSET_PROP_ZONING_CODES>
		<R ZONING_CODE="R" CODE_DESC="Residential"/>
		<R ZONING_CODE="C" CODE_DESC="Commercial"/>
		<R ZONING_CODE="F" CODE_DESC="Rural"/>
		<R ZONING_CODE="I" CODE_DESC="Industrial"/>
	</A_TS_ASSET_PROP_ZONING_CODES>
	<A_TS_ASSET_PROP_TYPE_STATUS>
		<R TYPE_CODE="AptUnitFlat" STATUS_CODE="R" CODE_DESC="Apartment"/>
		<R TYPE_CODE="SemiDetachedHouse" STATUS_CODE="R" CODE_DESC="Semi Detached House"/>
		<R TYPE_CODE="FullyDetachedHouse" STATUS_CODE="R" CODE_DESC="Fully Detached House"/>
		<R TYPE_CODE="NewStrataTitleUnit" STATUS_CODE="R" CODE_DESC="New Strata Title Unit"/>
		<R TYPE_CODE="StrataTitleUnit" STATUS_CODE="R" CODE_DESC="Strata Title Unit"/>
		<R TYPE_CODE="CompanyTitleUnit" STATUS_CODE="R" CODE_DESC="Company Title Unit"/>
		<R TYPE_CODE="ConvertedCommercialProperty" STATUS_CODE="C" CODE_DESC="Converted Commercial Property"/>
		<R TYPE_CODE="ConvertedMotelUnits" STATUS_CODE="C" CODE_DESC="Converted Motel Units"/>
		<R TYPE_CODE="ConvertedIndustrialProperty" STATUS_CODE="C" CODE_DESC="Converted Industrial Property"/>
		<R TYPE_CODE="HolidayHome" STATUS_CODE="R" CODE_DESC="Holiday Home"/>
		<R TYPE_CODE="HolidayRental" STATUS_CODE="R" CODE_DESC="Holiday Rental"/>
		<R TYPE_CODE="Terrace" STATUS_CODE="R" CODE_DESC="Terrace"/>
		<R TYPE_CODE="Townhouse" STATUS_CODE="R" CODE_DESC="Townhouse"/>
		<R TYPE_CODE="Duplex" STATUS_CODE="R" CODE_DESC="Duplex"/>
		<R TYPE_CODE="OwnerBuilderHouseConstruction" STATUS_CODE="R" CODE_DESC="Owner Builder House Construction"/>
		<R TYPE_CODE="LicencedBuilderHouseConstruction" STATUS_CODE="R" CODE_DESC="Licenced Builder House Construction"/>
		<R TYPE_CODE="ResortUnit" STATUS_CODE="R" CODE_DESC="Resort Unit"/>
		<R TYPE_CODE="ServicedApt" STATUS_CODE="R" CODE_DESC="Serviced Apt"/>
		<R TYPE_CODE="Villa" STATUS_CODE="R" CODE_DESC="Villa"/>
		<R TYPE_CODE="VacantLand" STATUS_CODE="R" CODE_DESC="Vacant Land"/>
		<R TYPE_CODE="PropertyDevelopment" STATUS_CODE="R" CODE_DESC="Property Development"/>
		<R TYPE_CODE="StudioWarehouseApt" STATUS_CODE="R" CODE_DESC="Studio Warehouse Apt"/>
		<R TYPE_CODE="BedsitterBachelor" STATUS_CODE="R" CODE_DESC="Bedsitter Bachelor"/>
		<R TYPE_CODE="SingleBedroomLess50m2" STATUS_CODE="R" CODE_DESC="Single Bedroom Less50m2"/>
		<R TYPE_CODE="LuxuryHouse" STATUS_CODE="R" CODE_DESC="Luxury House"/>
		<R TYPE_CODE="LuxuryOther" STATUS_CODE="R" CODE_DESC="Luxury Other"/>
		<R TYPE_CODE="UnitStudentAccom" STATUS_CODE="R" CODE_DESC="Student Apartment"/>
		<R TYPE_CODE="ProfChambers" STATUS_CODE="C" CODE_DESC="Prof Chambers"/>
		<R TYPE_CODE="Offices" STATUS_CODE="C" CODE_DESC="Offices"/>
		<R TYPE_CODE="Factory" STATUS_CODE="C" CODE_DESC="Factory"/>
		<R TYPE_CODE="Warehouse" STATUS_CODE="C" CODE_DESC="Warehouse"/>
		<!--<R TYPE_CODE="VacantLand" STATUS_CODE="R" CODE_DESC="Vacant Land"/> Removed as Part of LIXIV2 Changes-->
		<R TYPE_CODE="RetirementVillage" STATUS_CODE="R" CODE_DESC="Retirement Village"/>
		<R TYPE_CODE="NonSpecialisedCommercial" STATUS_CODE="C" CODE_DESC="Non-Specialised Commercial"/>
		<R TYPE_CODE="ResidentialCommercial" STATUS_CODE="C" CODE_DESC="Residential Commercial"/>
		<R TYPE_CODE="Other" STATUS_CODE="C" CODE_DESC="Other"/>
		<R TYPE_CODE="8HectaresOrLess" STATUS_CODE="F" CODE_DESC="8 Hectares Or Less"/>
		<R TYPE_CODE="Over8LessThan40Hectares" STATUS_CODE="F" CODE_DESC="Over 8 Less Than 40 Hectares"/>
		<R TYPE_CODE="Over40Hectares" STATUS_CODE="F" CODE_DESC="Over 40 Hectares"/>
		<R TYPE_CODE="NonSpecialisedIndustrial" STATUS_CODE="I" CODE_DESC="Non Specialised Industrial"/>
		<R TYPE_CODE="LightIndustrial" STATUS_CODE="I" CODE_DESC="Light Industrial"/>
		<R TYPE_CODE="Other" STATUS_CODE="I" CODE_DESC="Other"/>
	</A_TS_ASSET_PROP_TYPE_STATUS>	
	<A_TS_ASSET_PROP_USE_CODES>
		<R USE_CODE="I" CODE_DESC="Investment"/>
		<R USE_CODE="R" CODE_DESC="Residence"/>
	</A_TS_ASSET_PROP_USE_CODES>
	<A_TS_LIABILITY_TYPES>
		<R TYPE_CODE="003" CODE_DESC="ANZ Credit Cards" TYPE_CAT="A"/>
		<R TYPE_CODE="001" CODE_DESC="ANZ Mortgages" TYPE_CAT="A"/>
		<R TYPE_CODE="002" CODE_DESC="ANZ Other Loans" TYPE_CAT="A"/>
		<R TYPE_CODE="009" CODE_DESC="Hire Purchase/Lease Liabilities" TYPE_CAT="O"/>
		<R TYPE_CODE="007" CODE_DESC="Other Fin Inst Credit/Store Cards" TYPE_CAT="B"/>
		<R TYPE_CODE="005" CODE_DESC="Other Fin Inst Mortgages" TYPE_CAT="B"/>
		<R TYPE_CODE="006" CODE_DESC="Other Fin Inst Other Loans" TYPE_CAT="B"/>
		<R TYPE_CODE="004" CODE_DESC="Other Liabilities" TYPE_CAT="O"/>
	</A_TS_LIABILITY_TYPES>
	<A_TS_INCOME_TYPES>
		<R TYPE_CODE="010" CODE_DESC="Addbacks" TYPE_CAT="O"/>
		<R TYPE_CODE="008" CODE_DESC="Bonus" TYPE_CAT="O"/>
		<R TYPE_CODE="007" CODE_DESC="Commission" TYPE_CAT="O"/>
		<R TYPE_CODE="006" CODE_DESC="Dividends" TYPE_CAT="D"/>
		<R TYPE_CODE="004" CODE_DESC="Government Benefits" TYPE_CAT="O"/>
		<R TYPE_CODE="005" CODE_DESC="Interest" TYPE_CAT="D"/>
		<R TYPE_CODE="011" CODE_DESC="Other" TYPE_CAT="O"/>
		<R TYPE_CODE="009" CODE_DESC="Overtime" TYPE_CAT="O"/>
		<R TYPE_CODE="003" CODE_DESC="Rental" TYPE_CAT="D"/>
	</A_TS_INCOME_TYPES>
	<A_TS_INCOME_GOVTBENEFIT_TYPE>
		<R GOVT_CODE="IGBAP" CODE_DESC="Age Pension"/>
		<R GOVT_CODE="IGBCP" CODE_DESC="Carer Payment"/>
		<R GOVT_CODE="IGBSP" CODE_DESC="Disability Support Pension"/>
		<R GOVT_CODE="IGBFA" CODE_DESC="Family Allowance"/>
		<R GOVT_CODE="IGBPP" CODE_DESC="Parenting Payment"/>
		<R GOVT_CODE="IGBCS" CODE_DESC="Child Support"/>
		<R GOVT_CODE="IGBOT" CODE_DESC="Other"/>
	</A_TS_INCOME_GOVTBENEFIT_TYPE>
	<A_TS_EXPENSE_TYPES>
		<R TYPE_CODE="001" CODE_DESC="Other Loans at ANZ" TYPE_CAT="L" ONE_PER_SOP="0"/>
		<R TYPE_CODE="002" CODE_DESC="Other Fin Inst Loans" TYPE_CAT="L" ONE_PER_SOP="0"/>
		<R TYPE_CODE="003" CODE_DESC="Credit/Store Cards" TYPE_CAT="C" ONE_PER_SOP="1"/>
		<R TYPE_CODE="004" CODE_DESC="Hire Purchase/Lease Payments" TYPE_CAT="L" ONE_PER_SOP="0"/>
		<R TYPE_CODE="005" CODE_DESC="Rent/Board" TYPE_CAT="D" ONE_PER_SOP="0"/>
		<R TYPE_CODE="016" CODE_DESC="Total Living Expenses" TYPE_CAT="D" ONE_PER_SOP="1"/>
		<R TYPE_CODE="017" CODE_DESC="Other Commitments" TYPE_CAT="D" ONE_PER_SOP="1"/>
		<R TYPE_CODE="044" CODE_DESC="Primary Residence Running Costs" TYPE_CAT="O" ONE_PER_SOP="0" FULL_DESC="Rates, utilities, repairs and maintenance, furniture and homewares, home and contents insurance. Excludes body corporate fees, strata fees and land tax."/>
		<R TYPE_CODE="046" CODE_DESC="Telephone, internet, pay TV and media streaming subscriptions" TYPE_CAT="O" ONE_PER_SOP="0" FULL_DESC="Internet, home and mobile phones, streaming services such as Netflix, Spotify etc"/>
		<R TYPE_CODE="042" CODE_DESC="Groceries" TYPE_CAT="O" ONE_PER_SOP="0" FULL_DESC="Including food and non-alcoholic beverages, toiletries and cleaning products."/>
		<R TYPE_CODE="040" CODE_DESC="Clothing and personal care" TYPE_CAT="O" ONE_PER_SOP="0" FULL_DESC="Clothing, footwear, personal care products and services, accessories (including handbags, umbrellas, baby-goods) for adults and children"/>
		<R TYPE_CODE="045" CODE_DESC="Recreation and entertainment" TYPE_CAT="O" ONE_PER_SOP="0" FULL_DESC="Eating out and take-away, alcohol and tobacco, gambling, electronic devices such as computers, games consoles, cameras. Sports and fitness, movies, event tickets, toys and hobbies, newspapers and magazines. Domestic holidays."/>
		<R TYPE_CODE="034" CODE_DESC="Pet Care" TYPE_CAT="O" ONE_PER_SOP="0" FULL_DESC="Pet food, grooming, minding services, care and health products, vet fees."/>
		<R TYPE_CODE="047" CODE_DESC="Transport" TYPE_CAT="O" ONE_PER_SOP="0" FULL_DESC="Public transport, taxis, ride-sharing. Running costs for essential vehicles including fuel, servicing, registration costs, parking and tolls."/>
		<R TYPE_CODE="020" CODE_DESC="Childcare" TYPE_CAT="O" ONE_PER_SOP="0" FULL_DESC="Childcare including nannies and non-compulsory pre-school."/>
		<R TYPE_CODE="041" CODE_DESC="Public or government primary and secondary education" TYPE_CAT="O" ONE_PER_SOP="0" FULL_DESC="Tuition, school and sports fees including compulsory kindergarten/reception/pre-primary/prep."/>
		<R TYPE_CODE="035" CODE_DESC="Higher Education, Vocational Training and Professional Fees" TYPE_CAT="O" ONE_PER_SOP="0" FULL_DESC="Including TAFE, university, performing arts fees (excluding any HECS payments), and professional fees (union dues, professional associations, legal, accountant, tax agent fees)."/>
		<R TYPE_CODE="024" CODE_DESC="Medical and health" TYPE_CAT="O" ONE_PER_SOP="0" FULL_DESC="GPs, specialists, physio, chiro, and opticians. Medicines, pharmaceuticals, glasses, therapeutic equipment, hospital and nursing home charges."/>
		<R TYPE_CODE="043" CODE_DESC="General Basic Insurances" TYPE_CAT="O" ONE_PER_SOP="0" FULL_DESC="Ambulance, car (not recreation vehicles), travel, and personal belongings insurance."/>	
		<R TYPE_CODE="039" CODE_DESC="Child and Spousal Maintenance" TYPE_CAT="O" ONE_PER_SOP="0" FULL_DESC="Maintenance for either dependent or non-dependent children, and spousal or de facto partner maintenance."/>
		<R TYPE_CODE="048" CODE_DESC="Private Schooling And Tuition" TYPE_CAT="O" ONE_PER_SOP="0" FULL_DESC="Including tuition, school and sports fees for private or independent schools (Catholic &amp; Non-Catholic) and private tuition and compulsory age kindergarten."/>	
		<R TYPE_CODE="033" CODE_DESC="Sickness and personal accident insurance, life insurance" TYPE_CAT="O" ONE_PER_SOP="0" FULL_DESC="Sickness and personal accident insurance, life insurance."/>
		<R TYPE_CODE="036" CODE_DESC="Health Insurance" TYPE_CAT="O" ONE_PER_SOP="0" FULL_DESC="Health insurance including hospital, medical and dental insurance."/>
		<R TYPE_CODE="037" CODE_DESC="Body Corporate Fees, Strata Fees and Land Tax on Owner Occupied Principal Place of Residence" TYPE_CAT="O" ONE_PER_SOP="0" FULL_DESC="Excludes investment properties and secondary/holiday residences, and those maintained for parents or children."/>	
		<R TYPE_CODE="038" CODE_DESC="Secondary Residence Running Costs" TYPE_CAT="O" ONE_PER_SOP="0" FULL_DESC="Includes body corporate fees, strata fees, land tax, property management fees, rates, utilities, repairs and maintenance, electricity, furniture and homewares, home and contents insurance."/>	
		<R TYPE_CODE="049" CODE_DESC="Residential Investment Property Running Costs" TYPE_CAT="N" ONE_PER_SOP="0" FULL_DESC=""/>	
		<R TYPE_CODE="031" CODE_DESC="Rent" TYPE_CAT="O" ONE_PER_SOP="0" FULL_DESC="Rent on primary residence."/>
		<R TYPE_CODE="030" CODE_DESC="Board" TYPE_CAT="O" ONE_PER_SOP="0" FULL_DESC="Board paid."/>			
		<R TYPE_CODE="019" CODE_DESC="Other" TYPE_CAT="O" ONE_PER_SOP="0" FULL_DESC="Other ongoing or recurring items not included within the other categories like insurance not elsewhere classified, registration and insurance of recreational vehicles, overseas holidays, gifts, jewellery, household services including cleaning, gardening etc."/>										
	</A_TS_EXPENSE_TYPES>
	<A_TS_BANK_FIN_INSTITUTION_LENDERNAME>
		<R TYPE_CODE="BADL" CODE_DESC="Adelaide Bank"/>
		<R TYPE_CODE="AMPS" CODE_DESC="AMP"/>
		<R TYPE_CODE="AMSS" CODE_DESC="AMS"/>
		<R TYPE_CODE="ANZS" CODE_DESC="ANZ"/>
		<R TYPE_CODE="AXAS" CODE_DESC="AXA"/>
		<R TYPE_CODE="BMEL" CODE_DESC="Bank Of Melbourne"/>
		<R TYPE_CODE="BQLD" CODE_DESC="Bank Of Queensland"/>
		<R TYPE_CODE="BSAU" CODE_DESC="Bank Of South Australia"/>
		<R TYPE_CODE="BWES" CODE_DESC="Bank West"/>
		<R TYPE_CODE="BLUS" CODE_DESC="Blue stone"/>
		<R TYPE_CODE="CBAS" CODE_DESC="CBA"/>
		<R TYPE_CODE="CBNK" CODE_DESC="Challenge Bank"/>
		<R TYPE_CODE="CITI" CODE_DESC="Citi bank"/>
		<R TYPE_CODE="HERI" CODE_DESC="Heritage"/>
		<R TYPE_CODE="HLON" CODE_DESC="Home loans Ltd"/>
		<R TYPE_CODE="HSDE" CODE_DESC="Home side"/>
		<R TYPE_CODE="HSBC" CODE_DESC="HSBC"/>
		<R TYPE_CODE="INGS" CODE_DESC="ING"/>
		<R TYPE_CODE="LIBY" CODE_DESC="Liberty"/>
		<R TYPE_CODE="MACQ" CODE_DESC="Macquarie"/>
		<R TYPE_CODE="NABS" CODE_DESC="NAB"/>
		<R TYPE_CODE="PEPS" CODE_DESC="Pepper"/>
		<R TYPE_CODE="RAMS" CODE_DESC="RAMS"/>
		<R TYPE_CODE="LHOR" CODE_DESC="St George"/>
		<R TYPE_CODE="SUNM" CODE_DESC="Sun corp Metway"/>
		<R TYPE_CODE="ROCK" CODE_DESC="The Rock"/>
		<R TYPE_CODE="WEPK" CODE_DESC="Westpac"/>
		<R TYPE_CODE="OTHR" CODE_DESC="Other"/>
	</A_TS_BANK_FIN_INSTITUTION_LENDERNAME>
</RefData>
