<StreetTypes>
	<R TYPE="Access" ABBR="AC"/>
	<R TYPE="Alley" ABBR="AL"/>
	<R TYPE="Alleyway" ABBR="ALWY"/>
	<R TYPE="Amble" ABBR="AMBL"/>
	<R TYPE="Anchorage" ABBR="ANCG"/>
	<R TYPE="Approach" ABBR="APP"/>
	<R TYPE="Arcade" ABBR="ARC"/>
	<R TYPE="Artery" ABBR="ART"/>
	<R TYPE="Avenue" ABBR="AVE"/>
	<R TYPE="Basin" ABBR="BASN"/>
	<R TYPE="Beach" ABBR="BCH"/>
	<R TYPE="Bridge" ABBR="BDGE"/>
	<R TYPE="Broadway" ABBR="BDWY"/>
	<R TYPE="Bank" ABBR="BK"/>
	<R TYPE="Block" ABBR="BLK"/>
	<R TYPE="Boulevard" ABBR="BLV"/>
	<R TYPE="Bend" ABBR="BND"/>
	<R TYPE="Bypass" ABBR="BPS"/>
	<R TYPE="Brae" ABBR="BR"/>
	<R TYPE="Brace" ABBR="BRCE"/>
	<R TYPE="Break" ABBR="BRK"/>
	<R TYPE="Brow" ABBR="BROW"/>
	<R TYPE="Briars" ABBR="BS"/>
	<R TYPE="Belt" ABBR="BT"/>
	<R TYPE="Bay" ABBR="BY"/>
	<R TYPE="Byway" ABBR="BYWY"/>
	<R TYPE="Circuit" ABBR="CCT"/>
	<R TYPE="Cul-De-Sac" ABBR="CDS"/>
	<R TYPE="Chase" ABBR="CH"/>
	<R TYPE="Circle" ABBR="CIR"/>
	<R TYPE="Close" ABBR="CL"/>
	<R TYPE="Colonnade" ABBR="CLDE"/>
	<R TYPE="Circlet" ABBR="CLT"/>
	<R TYPE="Common" ABBR="CM"/>
	<R TYPE="Concourse" ABBR="CNC"/>
	<R TYPE="Corner" ABBR="CNR"/>
	<R TYPE="Centreway" ABBR="CNWY"/>
	<R TYPE="Crossway" ABBR="COWY"/>
	<R TYPE="Copse" ABBR="CPS"/>
	<R TYPE="Circus" ABBR="CRCS"/>
	<R TYPE="Crossroad" ABBR="CRD"/>
	<R TYPE="Crescent" ABBR="CRS"/>
	<R TYPE="Cross" ABBR="CRSS"/>
	<R TYPE="Creset" ABBR="CRST"/>
	<R TYPE="Crest" ABBR="CS"/>
	<R TYPE="Crossing" ABBR="CSG"/>
	<R TYPE="Corso" ABBR="CSO"/>
	<R TYPE="Court" ABBR="CT"/>
	<R TYPE="Centre" ABBR="CTR"/>
	<R TYPE="Cutting" ABBR="CTTG"/>
	<R TYPE="Courtyard" ABBR="CTYD"/>
	<R TYPE="Cruiseway" ABBR="CUWY"/>
	<R TYPE="Cove" ABBR="CVE"/>	
	<R TYPE="Causeway" ABBR="CWY"/>
	<R TYPE="Dale" ABBR="DALE"/>
	<R TYPE="Dell" ABBR="DELL"/>
	<R TYPE="Deviation" ABBR="DEVN"/>
	<R TYPE="Dip" ABBR="DIP"/>	
	<R TYPE="Downs" ABBR="DN"/>
	<R TYPE="Drive" ABBR="DR"/>
	<R TYPE="Driveway" ABBR="DRY"/>
	<R TYPE="Distributor" ABBR="DSTR"/>
	<R TYPE="East" ABBR="EA"/>
	<R TYPE="Edge" ABBR="EDGE"/>
	<R TYPE="Elbow" ABBR="ELB"/>
	<R TYPE="End" ABBR="END"/>
	<R TYPE="Entrance" ABBR="ENT"/>
	<R TYPE="Esplanade" ABBR="ESP"/>
	<R TYPE="Estate" ABBR="EST"/>
	<R TYPE="Expressway" ABBR="EXP"/>
	<R TYPE="Extension" ABBR="EXTN"/>
	<R TYPE="Fairway" ABBR="FAY"/>
	<R TYPE="Firetrail" ABBR="FITR"/>
	<R TYPE="Flat" ABBR="FLAT"/>
	<R TYPE="Follow" ABBR="FOLW"/>
	<R TYPE="Formation" ABBR="FORM"/>
	<R TYPE="Frontage" ABBR="FR"/>
	<R TYPE="Front" ABBR="FRNT"/>
	<R TYPE="Foreshore" ABBR="FSHR"/>
	<R TYPE="FireTrack" ABBR="FTRK"/>
	<R TYPE="Footway" ABBR="FTWY"/>
	<R TYPE="Freeway" ABBR="FWY"/>
	<R TYPE="Gap" ABBR="GAP"/>
	<R TYPE="Garden" ABBR="GDN"/>
	<R TYPE="Gardens" ABBR="GDNS"/>
	<R TYPE="Great" ABBR="GE"/>
	<R TYPE="Glade" ABBR="GLD"/>
	<R TYPE="Glen" ABBR="GLN"/>
	<R TYPE="Gully" ABBR="GLY"/>
	<R TYPE="Grange" ABBR="GRA"/>
	<R TYPE="Ground" ABBR="GRD"/>
	<R TYPE="Green" ABBR="GRN"/>
	<R TYPE="Gate" ABBR="GTE"/>	
	<R TYPE="Gates" ABBR="GTES"/>	
	<R TYPE="Grove" ABBR="GVE"/>
	<R TYPE="Hill" ABBR="HILL"/>
	<R TYPE="Highroad" ABBR="HRD"/>	
	<R TYPE="Heights" ABBR="HTS"/>
	<R TYPE="Highway" ABBR="HWY"/>
	<R TYPE="Interchange" ABBR="INTG"/>
	<R TYPE="Intersection" ABBR="INTN"/>
	<R TYPE="Junction" ABBR="JN"/>
	<R TYPE="Key" ABBR="KEY"/>
	<R TYPE="Lane" ABBR="LA"/>
	<R TYPE="Landing" ABBR="LDG"/>
	<R TYPE="Lees" ABBR="LEES"/>
	<R TYPE="Line" ABBR="LINE"/>
	<R TYPE="Link" ABBR="LK"/>
	<R TYPE="Lookout" ABBR="LKT"/>
	<R TYPE="Laneway" ABBR="LNWY"/>
	<R TYPE="Loop" ABBR="LP"/>
	<R TYPE="Little" ABBR="LT"/>
	<R TYPE="Lower" ABBR="LWR"/>
	<R TYPE="Mall" ABBR="MALL"/>
	<R TYPE="Mead" ABBR="MD"/>
	<R TYPE="Mews" ABBR="ME"/>
	<R TYPE="Mew" ABBR="MEW"/>
	<R TYPE="Mile" ABBR="ML"/>
	<R TYPE="Meander" ABBR="MNDR"/>
	<R TYPE="Mount" ABBR="MT"/>
	<R TYPE="Meadows" ABBR="MW"/>
	<R TYPE="Motorway" ABBR="MWY"/>	
	<R TYPE="Nook" ABBR="NK"/>
	<R TYPE="Other" ABBR="OTHER"/>
	<R TYPE="Outlook" ABBR="OUT"/>
	<R TYPE="Park" ABBR="PARK"/>
	<R TYPE="Part" ABBR="PART"/>
	<R TYPE="Parade" ABBR="PDE"/>
	<R TYPE="Pathway" ABBR="PHWY"/>
	<R TYPE="Piazza" ABBR="PIAZ"/>
	<R TYPE="Parklands" ABBR="PKLD"/>
	<R TYPE="Pocket" ABBR="PKT"/>
	<R TYPE="Place" ABBR="PL"/>
	<R TYPE="Plateau" ABBR="PLAT"/>
	<R TYPE="Plaza" ABBR="PLZ"/>
	<R TYPE="Point" ABBR="PNT"/>
	<R TYPE="Port" ABBR="PORT"/>
	<R TYPE="Promenade" ABBR="PRM"/>
	<R TYPE="Pass" ABBR="PSS"/>
	<R TYPE="Path" ABBR="PTH"/>	
	<R TYPE="Parkway" ABBR="PWY"/>
	<R TYPE="Quadrant" ABBR="QD"/>
	<R TYPE="Quadrangle" ABBR="QDG"/>	
	<R TYPE="Quad" ABBR="QUAD"/>
	<R TYPE="Quay" ABBR="QY"/>
	<R TYPE="Quays" ABBR="QYS"/>
	<R TYPE="Ramp" ABBR="RAMP"/>
	<R TYPE="Reach" ABBR="RCH"/>
	<R TYPE="Road" ABBR="RD"/>
	<R TYPE="Ridge" ABBR="RDG"/>
	<R TYPE="Roads" ABBR="RDS"/>
	<R TYPE="Roadside" ABBR="RDSD"/>
	<R TYPE="Roadway" ABBR="RDY"/>
	<R TYPE="Reserve" ABBR="RES"/>
	<R TYPE="Ridgeway" ABBR="RGWY"/>
	<R TYPE="Rise" ABBR="RI"/>
	<R TYPE="Ride" ABBR="RIDE"/>
	<R TYPE="Ring" ABBR="RING"/>
	<R TYPE="Ramble" ABBR="RMBL"/>
	<R TYPE="Round" ABBR="RND"/>
	<R TYPE="Ronde" ABBR="RNDE"/>
	<R TYPE="Range" ABBR="RNGE"/>
	<R TYPE="Row" ABBR="ROW"/>
	<R TYPE="Rosebowl" ABBR="RSBL"/>
	<R TYPE="Rest" ABBR="RST"/>
	<R TYPE="Route" ABBR="RTE"/>
	<R TYPE="Retreat" ABBR="RTT"/>
	<R TYPE="Right of Way" ABBR="RTW"/>
	<R TYPE="Rotary" ABBR="RTY"/>
	<R TYPE="Rue" ABBR="RUE"/>
	<R TYPE="Run" ABBR="RUN"/>
	<R TYPE="River" ABBR="RVR"/>
	<R TYPE="Riviera" ABBR="RVRA"/>
	<R TYPE="Riverway" ABBR="RVWY"/>
	<R TYPE="Subway" ABBR="SBWY"/>
	<R TYPE="Siding" ABBR="SDG"/>
	<R TYPE="State Highway" ABBR="SHWY"/>
	<R TYPE="Slope" ABBR="SLPE"/>
	<R TYPE="Sound" ABBR="SND"/>
	<R TYPE="Spur" ABBR="SPUR"/>
	<R TYPE="Square" ABBR="SQ"/>
	<R TYPE="Street" ABBR="ST"/>	
	<R TYPE="Steps" ABBR="STPS"/>
	<R TYPE="Strand" ABBR="STRA"/>
	<R TYPE="Strip" ABBR="STRP"/>	
	<R TYPE="Stairs" ABBR="STRS"/>	
	<R TYPE="Streets" ABBR="STS"/>
	<R TYPE="Serviceway" ABBR="SWY"/>
	<R TYPE="Tailings" ABBR="TA"/>
	<R TYPE="Tarn" ABBR="TARN"/>
	<R TYPE="Terrace" ABBR="TCE"/>
	<R TYPE="Thoroughfare" ABBR="THOR"/>
	<R TYPE="Trunkway" ABBR="TKWY"/>
	<R TYPE="Tunnel" ABBR="TN"/>
	<R TYPE="Top" ABBR="TOP"/>
	<R TYPE="Tor" ABBR="TOR"/>
	<R TYPE="Triangle" ABBR="TRI"/>
	<R TYPE="Track" ABBR="TRK"/>
	<R TYPE="Trail" ABBR="TRL"/>
	<R TYPE="Trailer" ABBR="TRLR"/>
	<R TYPE="Turn" ABBR="TURN"/>
	<R TYPE="Towers" ABBR="TWRS"/>	
	<R TYPE="Tollway" ABBR="TWY"/>
	<R TYPE="Tramway" ABBR="TY"/>
	<R TYPE="Unknown" ABBR="UNKNOWN"/>	
	<R TYPE="Underpass" ABBR="UPAS"/>
	<R TYPE="Upper" ABBR="UPR"/>
	<R TYPE="Vale" ABBR="VALE"/>
	<R TYPE="Viaduct" ABBR="VDCT"/>
	<R TYPE="Village" ABBR="VE"/>
	<R TYPE="Villas" ABBR="VLLS"/>
	<R TYPE="Vista" ABBR="VSTA"/>
	<R TYPE="View" ABBR="VW"/>
	<R TYPE="Valley" ABBR="VY"/>
	<R TYPE="Wade" ABBR="WADE"/>
	<R TYPE="Way" ABBR="WAY"/>
	<R TYPE="Wharf" ABBR="WHRF"/>
	<R TYPE="Walk" ABBR="WK"/>
	<R TYPE="Walkway" ABBR="WKY"/>
	<R TYPE="Wynd" ABBR="WND"/>
	<R TYPE="West" ABBR="WT"/>
	<R TYPE="Yard" ABBR="YARD"/>
</StreetTypes>
