<SPDescLabels>
	<SPLabel Item="Asset" TYPE_CODE="001" DescLabel=" Account Number"/>
	<SPLabel Item="Asset" TYPE_CODE="002" DescLabel="Asset Description / (Account Details)"/>
	<SPLabel Item="Asset" TYPE_CODE="003" DescLabel="Asset Description "/>
	<SPLabel Item="Asset" TYPE_CODE="004" DescLabel=" Asset Description / (Make &amp; Model)"/>
	<SPLabel Item="Asset" TYPE_CODE="005" DescLabel=" Asset Description / (Details)"/>
	<SPLabel Item="Asset" TYPE_CODE="006" DescLabel=" Asset Description / (Details)"/>
	<SPLabel Item="Asset" TYPE_CODE="007" DescLabel=" Asset Description / (Details)"/>
	<SPLabel Item="Asset" TYPE_CODE="008" DescLabel=" Asset Description / (Details)"/>
	<SPLabel Item="Asset" TYPE_CODE="009" DescLabel=" Asset Description / (Location)"/>
	<SPLabel Item="Asset" TYPE_CODE="" DescLabel=" Asset Description"/>
	<SPLabel Item="Liability" TYPE_CODE="001" DescLabel=" / Account Number"/>
	<SPLabel Item="Liability" TYPE_CODE="002" DescLabel=" / Account Number"/>
	<SPLabel Item="Liability" TYPE_CODE="003" DescLabel=" (Account Number)"/>
	<SPLabel Item="Liability" TYPE_CODE="004" DescLabel=" (Details)"/>
	<SPLabel Item="Liability" TYPE_CODE="005" DescLabel=" (Institution &amp; Account Details)"/>
	<SPLabel Item="Liability" TYPE_CODE="006" DescLabel=" (Institution &amp; Account Details)"/>
	<SPLabel Item="Liability" TYPE_CODE="007" DescLabel=" (Institution &amp; Card Type)"/>
	<SPLabel Item="Liability" TYPE_CODE="009" DescLabel=" (Details)"/>
</SPDescLabels>
