<!-- edited with XML Spy v4.4 U (http://www.xmlspy.com) by Manikandan (ANZ Information Technology Pvt.Ltd) -->
<UpgradeConfig currentVersion="5.0.9" dateRelease="2020-05-31">
	<!--examle of upgrade element:
		<Upgrade from="1.0.0" to="1.1.1" upgradeMsgId="1">
			<xsl:stylesheet version="1.0">
						....
			</xsl:stylesheet>
		</Upgrade>
	-->
	<!--Expense Type Changes Release 20.03-->
	<Upgrade from="5.0.8" to="5.0.9" upgradeMsgId="46">
		<xsl:stylesheet version="1.0" xmlns:xsl="http://www.w3.org/1999/XSL/Transform" exclude-result-prefixes="xml">
			<xsl:output omit-xml-declaration="yes"/>
			<xsl:template match="*">
				<xsl:copy>
					<xsl:copy-of select="@*"/>
					<xsl:apply-templates/>
				</xsl:copy>
			</xsl:template>
			<xsl:template match="Application">
				<xsl:copy>
					<xsl:copy-of select="@*"/>
					<xsl:apply-templates/>
				</xsl:copy>
			</xsl:template>
			<xsl:template match="Asset">
				<xsl:copy>
					<xsl:copy-of select="@*"/>
					<xsl:for-each select="*">
						<xsl:attribute name="valid_AssetMonthlyInvestment"/>
						<xsl:choose>
							<xsl:when test="name(.)='AssetMonthlyIncome'">
								<xsl:copy-of select="."/>
								<AssetMonthlyInvestment>0.00</AssetMonthlyInvestment>
								<AssetShortStay/>
							</xsl:when>
							<xsl:otherwise>
								<xsl:copy-of select="."/>
							</xsl:otherwise>
						</xsl:choose>
					</xsl:for-each>
				</xsl:copy>
			</xsl:template>
			<xsl:template match="Security">
				<xsl:copy>
					<xsl:copy-of select="@*"/>
					<xsl:for-each select="*">
						<xsl:attribute name="valid_SecInvestmentExpense"/>
						<xsl:choose>
							<xsl:when test="name(.)='SecRentalIncome'">
								<xsl:copy-of select="."/>
								<SecInvestmentExpense>0.00</SecInvestmentExpense>
							</xsl:when>
							<xsl:otherwise>
								<xsl:copy-of select="."/>
							</xsl:otherwise>
						</xsl:choose>
					</xsl:for-each>
				</xsl:copy>
			</xsl:template>
			<xsl:template match="Expense[@TypeDescription = 'Child Maintenance'] ">
				<xsl:copy>
					<xsl:copy-of select="@*"/>
					<xsl:attribute name="TypeDescription"><xsl:text>Child and Spousal Maintenance</xsl:text></xsl:attribute>
					<xsl:for-each select="*">
						<xsl:choose>
							<xsl:when test="name(.)='ExpenseType'">
								<ExpenseType>039</ExpenseType>
							</xsl:when>
							<xsl:otherwise>
								<xsl:copy-of select="."/>
							</xsl:otherwise>
						</xsl:choose>
					</xsl:for-each>
				</xsl:copy>
			</xsl:template>
			<xsl:template match="Expense[@TypeDescription = 'Clothing &amp; Personal Care'] ">
				<xsl:copy>
					<xsl:copy-of select="@*"/>
					<xsl:attribute name="TypeDescription"><xsl:text>Clothing and personal care</xsl:text></xsl:attribute>
					<xsl:for-each select="*">
						<xsl:choose>
							<xsl:when test="name(.)='ExpenseType'">
								<ExpenseType>040</ExpenseType>
							</xsl:when>
							<xsl:otherwise>
								<xsl:copy-of select="."/>
							</xsl:otherwise>
						</xsl:choose>
					</xsl:for-each>
				</xsl:copy>
			</xsl:template>
			<xsl:template match="Expense[@TypeDescription = 'Public or Government Education'] ">
				<xsl:copy>
					<xsl:copy-of select="@*"/>
					<xsl:attribute name="TypeDescription"><xsl:text>Public or government primary and secondary education</xsl:text></xsl:attribute>
					<xsl:for-each select="*">
						<xsl:choose>
							<xsl:when test="name(.)='ExpenseType'">
								<ExpenseType>041</ExpenseType>
							</xsl:when>
							<xsl:otherwise>
								<xsl:copy-of select="."/>
							</xsl:otherwise>
						</xsl:choose>
					</xsl:for-each>
				</xsl:copy>
			</xsl:template>
			<xsl:template match="Expense[@TypeDescription = 'Groceries'] ">
				<xsl:copy>
					<xsl:copy-of select="@*"/>
					<xsl:attribute name="TypeDescription"><xsl:text>Groceries</xsl:text></xsl:attribute>
					<xsl:for-each select="*">
						<xsl:choose>
							<xsl:when test="name(.)='ExpenseType'">
								<ExpenseType>042</ExpenseType>
							</xsl:when>
							<xsl:otherwise>
								<xsl:copy-of select="."/>
							</xsl:otherwise>
						</xsl:choose>
					</xsl:for-each>
				</xsl:copy>
			</xsl:template>
			<xsl:template match="Expense[@TypeDescription = 'Medical &amp; Health'] ">
				<xsl:copy>
					<xsl:copy-of select="@*"/>
					<xsl:attribute name="TypeDescription"><xsl:text>Medical and health</xsl:text></xsl:attribute>
					<xsl:for-each select="*">
						<xsl:choose>
							<xsl:when test="name(.)='ExpenseType'">
								<ExpenseType>024</ExpenseType>
							</xsl:when>
							<xsl:otherwise>
								<xsl:copy-of select="."/>
							</xsl:otherwise>
						</xsl:choose>
					</xsl:for-each>
				</xsl:copy>
			</xsl:template>
			<xsl:template match="Expense[@TypeDescription = 'General Basic Insurances'] ">
				<xsl:copy>
					<xsl:copy-of select="@*"/>
					<xsl:attribute name="TypeDescription"><xsl:text>General Basic Insurances</xsl:text></xsl:attribute>
					<xsl:for-each select="*">
						<xsl:choose>
							<xsl:when test="name(.)='ExpenseType'">
								<ExpenseType>043</ExpenseType>
							</xsl:when>
							<xsl:otherwise>
								<xsl:copy-of select="."/>
							</xsl:otherwise>
						</xsl:choose>
					</xsl:for-each>
				</xsl:copy>
				<Expense TypeDescription="Health Insurance" fmtAmount="$0" valid_ExpenseType="../images/blue_asteric.gif" valid_DeclaredAmount="" valid="1" validimg="../images/empty_cross.gif" valid_entity_Expense="1" valid_Expense="../images/green_tick.gif">
					<ExpenseType>036</ExpenseType>
					<DeclaredAmount>0</DeclaredAmount>
					<ExpenseDescription/>
				</Expense>
			</xsl:template>
			<xsl:template match="Expense[@TypeDescription = 'Owner Occupied Property Related Costs'] ">
				<xsl:copy>
					<xsl:copy-of select="@*"/>
					<xsl:attribute name="TypeDescription"><xsl:text>Primary Residence Running Costs</xsl:text></xsl:attribute>
					<xsl:for-each select="*">
						<xsl:choose>
							<xsl:when test="name(.)='ExpenseType'">
								<ExpenseType>044</ExpenseType>
							</xsl:when>
							<xsl:otherwise>
								<xsl:copy-of select="."/>
							</xsl:otherwise>
						</xsl:choose>
					</xsl:for-each>
				</xsl:copy>
				<Expense TypeDescription="Body Corporate Fees, Strata Fees and Land Tax on Owner Occupied Principal Place of Residence" fmtAmount="$0" valid_ExpenseType="../images/blue_asteric.gif" valid_DeclaredAmount="" valid="1" validimg="../images/empty_cross.gif" valid_entity_Expense="1" valid_Expense="../images/green_tick.gif">
					<ExpenseType>037</ExpenseType>
					<DeclaredAmount>0</DeclaredAmount>
					<ExpenseDescription/>
				</Expense>
			</xsl:template>
			<xsl:template match="Expense[@TypeDescription = 'Recreation &amp; Entertainment'] ">
				<xsl:copy>
					<xsl:copy-of select="@*"/>
					<xsl:attribute name="TypeDescription"><xsl:text>Recreation and entertainment</xsl:text></xsl:attribute>
					<xsl:for-each select="*">
						<xsl:choose>
							<xsl:when test="name(.)='ExpenseType'">
								<ExpenseType>045</ExpenseType>
							</xsl:when>
							<xsl:otherwise>
								<xsl:copy-of select="."/>
							</xsl:otherwise>
						</xsl:choose>
					</xsl:for-each>
				</xsl:copy>
				<Expense TypeDescription="Pet Care" fmtAmount="$0" valid_ExpenseType="../images/blue_asteric.gif" valid_DeclaredAmount="" valid="1" validimg="../images/empty_cross.gif" valid_entity_Expense="1" valid_Expense="../images/green_tick.gif">
					<ExpenseType>034</ExpenseType>
					<DeclaredAmount>0</DeclaredAmount>
					<ExpenseDescription/>
				</Expense>
			</xsl:template>
			<xsl:template match="Expense[@TypeDescription = 'Telephone, Internet, Pay TV &amp; Media Streaming Subscriptions'] ">
				<xsl:copy>
					<xsl:copy-of select="@*"/>
					<xsl:attribute name="TypeDescription"><xsl:text>Telephone, internet, pay TV and media streaming subscriptions</xsl:text></xsl:attribute>
					<xsl:for-each select="*">
						<xsl:choose>
							<xsl:when test="name(.)='ExpenseType'">
								<ExpenseType>046</ExpenseType>
							</xsl:when>
							<xsl:otherwise>
								<xsl:copy-of select="."/>
							</xsl:otherwise>
						</xsl:choose>
					</xsl:for-each>
				</xsl:copy>
			</xsl:template>
			<xsl:template match="Expense[@TypeDescription = 'Transport'] ">
				<xsl:copy>
					<xsl:copy-of select="@*"/>
					<xsl:attribute name="TypeDescription"><xsl:text>Transport</xsl:text></xsl:attribute>
					<xsl:for-each select="*">
						<xsl:choose>
							<xsl:when test="name(.)='ExpenseType'">
								<ExpenseType>047</ExpenseType>
							</xsl:when>
							<xsl:otherwise>
								<xsl:copy-of select="."/>
							</xsl:otherwise>
						</xsl:choose>
					</xsl:for-each>
				</xsl:copy>
			</xsl:template>
			<xsl:template match="Expense[@TypeDescription = 'Other Commitments'] ">
				<xsl:copy>
					<xsl:copy-of select="@*"/>
					<xsl:attribute name="TypeDescription"><xsl:text>Other</xsl:text></xsl:attribute>
					<xsl:for-each select="*">
						<xsl:choose>
							<xsl:when test="name(.)='ExpenseType'">
								<ExpenseType>019</ExpenseType>
							</xsl:when>
							<xsl:otherwise>
								<xsl:copy-of select="."/>
							</xsl:otherwise>
						</xsl:choose>
					</xsl:for-each>
				</xsl:copy>
				<Expense TypeDescription="Higher Education, Vocational Training and Professional Fees" fmtAmount="$0" valid_ExpenseType="../images/blue_asteric.gif" valid_DeclaredAmount="" valid="1" validimg="../images/empty_cross.gif" valid_entity_Expense="1" valid_Expense="../images/green_tick.gif">
					<ExpenseType>035</ExpenseType>
					<DeclaredAmount>0</DeclaredAmount>
					<ExpenseDescription/>
				</Expense>
				<Expense TypeDescription="Secondary Residence Running Costs" fmtAmount="$0" valid_ExpenseType="../images/blue_asteric.gif" valid_DeclaredAmount="" valid="1" validimg="../images/empty_cross.gif" valid_entity_Expense="1" valid_Expense="../images/green_tick.gif">
					<ExpenseType>038</ExpenseType>
					<DeclaredAmount>0</DeclaredAmount>
					<ExpenseDescription/>
				</Expense>
			</xsl:template>
			<xsl:template match="Expense[@TypeDescription = 'Medical &amp; Health'] ">
				<xsl:copy>
					<xsl:copy-of select="@*"/>
					<xsl:attribute name="TypeDescription"><xsl:text>Medical and health</xsl:text></xsl:attribute>
					<xsl:for-each select="*">
						<xsl:choose>
							<xsl:when test="name(.)='ExpenseType'">
								<ExpenseType>024</ExpenseType>
							</xsl:when>
							<xsl:otherwise>
								<xsl:copy-of select="."/>
							</xsl:otherwise>
						</xsl:choose>
					</xsl:for-each>
				</xsl:copy>
			</xsl:template>
			<xsl:template match="Expense[@TypeDescription = 'Private Schooling And Tuition'] ">
				<xsl:copy>
					<xsl:copy-of select="@*"/>
					<xsl:attribute name="TypeDescription"><xsl:text>Private Schooling And Tuition</xsl:text></xsl:attribute>
					<xsl:for-each select="*">
						<xsl:choose>
							<xsl:when test="name(.)='ExpenseType'">
								<ExpenseType>048</ExpenseType>
							</xsl:when>
							<xsl:otherwise>
								<xsl:copy-of select="."/>
							</xsl:otherwise>
						</xsl:choose>
					</xsl:for-each>
				</xsl:copy>
			</xsl:template>
			<xsl:template match="Expense[@TypeDescription = 'Sickness and Personal Accident Insurance, Life Insurance'] ">
				<xsl:copy>
					<xsl:copy-of select="@*"/>
					<xsl:attribute name="TypeDescription"><xsl:text>Sickness and personal accident insurance, life insurance</xsl:text></xsl:attribute>
					<xsl:for-each select="*">
						<xsl:choose>
							<xsl:when test="name(.)='ExpenseType'">
								<ExpenseType>033</ExpenseType>
							</xsl:when>
							<xsl:otherwise>
								<xsl:copy-of select="."/>
							</xsl:otherwise>
						</xsl:choose>
					</xsl:for-each>
				</xsl:copy>
			</xsl:template>
		</xsl:stylesheet>
	</Upgrade>
	<!--End of Release 20.03-->
	<Upgrade from="5.0.7" to="5.0.8" upgradeMsgId="45">
		<xsl:stylesheet version="1.0" xmlns:xsl="http://www.w3.org/1999/XSL/Transform" exclude-result-prefixes="xml">
			<xsl:template match="*">
				<xsl:copy>
					<xsl:copy-of select="@*"/>
					<xsl:apply-templates/>
				</xsl:copy>
			</xsl:template>
			<xsl:template match="Application">
				<xsl:copy>
					<xsl:copy-of select="@*"/>
					<xsl:apply-templates/>
				</xsl:copy>
			</xsl:template>
			<!--<xsl:template match="StatementOfPosition">
				<xsl:copy>
					<xsl:copy-of select="@*"/>
					<xsl:attribute name="imgIncomes"/>
					<xsl:attribute name="valid_Incomes"/>
					<xsl:apply-templates select="node()"/>
				</xsl:copy>
			</xsl:template>-->
			<xsl:template match="Income[@TypeDescription = 'DSS'] ">
				<xsl:copy>
					<xsl:copy-of select="@*"/>
					<xsl:for-each select="*">
						<xsl:attribute name="TypeDescription"><xsl:text>Government Benefits</xsl:text></xsl:attribute>
						<xsl:attribute name="valid_IncomeGovtBenefitType"/>
						<xsl:attribute name="IncomeGovtBenefitTypeDescription"/>
						<xsl:choose>
							<xsl:when test="name(.)='IncomeType'">
								<xsl:copy-of select="."/>
								<IncomeGovtBenefitType/>
							</xsl:when>
							<xsl:otherwise>
								<xsl:copy-of select="."/>
							</xsl:otherwise>
						</xsl:choose>
					</xsl:for-each>
				</xsl:copy>
			</xsl:template>
			<xsl:template match="Income[@TypeDescription != 'DSS'] ">
				<xsl:copy>
					<xsl:copy-of select="@*"/>
					<xsl:for-each select="*">
						<xsl:attribute name="valid_IncomeGovtBenefitType"/>
						<xsl:attribute name="IncomeGovtBenefitTypeDescription"/>
						<xsl:choose>
							<xsl:when test="name(.)='IncomeType'">
								<xsl:copy-of select="."/>
								<IncomeGovtBenefitType/>
							</xsl:when>
							<xsl:otherwise>
								<xsl:copy-of select="."/>
							</xsl:otherwise>
						</xsl:choose>
					</xsl:for-each>
				</xsl:copy>
			</xsl:template>
			<xsl:template match="Expense[@TypeDescription != 'Education' and @TypeDescription != 'Insurance' ] ">
				<xsl:copy>
					<xsl:copy-of select="@*"/>
					<xsl:for-each select="*">
						<xsl:copy-of select="."/>
					</xsl:for-each>
				</xsl:copy>
			</xsl:template>
			<xsl:template match="Expense[@TypeDescription = 'Education'] ">
				<xsl:copy>
					<xsl:copy-of select="@*"/>
					<xsl:for-each select="*">
						<xsl:attribute name="TypeDescription"><xsl:text>Public or Government Education</xsl:text></xsl:attribute>
						<xsl:copy-of select="."/>
					</xsl:for-each>
				</xsl:copy>
			</xsl:template>
			<xsl:template match="Expense[@TypeDescription = 'Insurance'] ">
				<xsl:copy>
					<xsl:copy-of select="@*"/>
					<xsl:for-each select="*">
						<xsl:attribute name="TypeDescription"><xsl:text>General Basic Insurances</xsl:text></xsl:attribute>
						<xsl:copy-of select="."/>
					</xsl:for-each>
				</xsl:copy>
			</xsl:template>
		</xsl:stylesheet>
	</Upgrade>
	<Upgrade from="5.0.6" to="5.0.7" upgradeMsgId="44"/>
	<Upgrade from="5.0.5" to="5.0.6" upgradeMsgId="43">
		<xsl:stylesheet version="1.0" xmlns:xsl="http://www.w3.org/1999/XSL/Transform" exclude-result-prefixes="xml">
			<xsl:template match="*">
				<xsl:copy>
					<xsl:copy-of select="@*"/>
					<xsl:apply-templates/>
				</xsl:copy>
			</xsl:template>
			<xsl:template match="Application">
				<xsl:copy>
					<xsl:copy-of select="@*"/>
					<xsl:apply-templates/>
				</xsl:copy>
			</xsl:template>
			<xsl:template match="Packages">
				<xsl:copy>
					<xsl:copy-of select="@*"/>
					<xsl:for-each select="*">
						<xsl:variable name="PCardID">
							<xsl:value-of select=" //Application/Packages/PrimaryCardHolder"/>
						</xsl:variable>
						<xsl:variable name="ACardID">
							<xsl:value-of select=" //Application/Packages/AdditionalCardHolderCustID"/>
						</xsl:variable>
						<xsl:choose>
							<xsl:when test="name(.)='PrimaryCardHolderName'">
								<xsl:choose>
									<!-- When PrimaryCardHolder is not Empty - match Customer Name in XML -->
									<xsl:when test="($PCardID != '') ">
										<xsl:if test="//Application/Customers/Customer[CustomerID = $PCardID]">
											<PrimaryCardHolderName>
												<xsl:value-of select="//Application/Customers/Customer[CustomerID = $PCardID]/CustomerName"/>
											</PrimaryCardHolderName>
										</xsl:if>
									</xsl:when>
									<!-- When PrimaryCardHolder is Empty - Copy of PrimaryCardHolderName Node in XML -->
									<xsl:otherwise>
										<xsl:copy-of select="."/>
									</xsl:otherwise>
								</xsl:choose>
								<!-- Adding AdditionalCardHolder Tag Node if not exists in Previous Version -->
								<xsl:if test="not(//Application/Packages/AdditionalCardHolder)">
									<AdditionalCardHolder/>
								</xsl:if>
							</xsl:when>
							<xsl:when test="name(.)='AdditionalCardHolder'">
								<xsl:choose>
									<!-- When AdditionalCardHolderCustID is not Empty - match Customer Name in XML -->
									<xsl:when test="($ACardID != '') ">
										<xsl:if test="//Application/Customers/Customer[CustomerID = $ACardID] ">
											<AdditionalCardHolder>
												<xsl:value-of select="//Application/Customers/Customer[CustomerID = $ACardID]/CustomerName"/>
											</AdditionalCardHolder>
										</xsl:if>
									</xsl:when>
									<!-- When AdditionalCardHolderCustID is Empty - Copy of AdditionalCardHolder Node in XML -->
									<xsl:otherwise>
										<xsl:copy-of select="."/>
									</xsl:otherwise>
								</xsl:choose>
							</xsl:when>
							<xsl:when test="name(.)='TransactionAccountHolderCustID' ">
								<xsl:variable name="TCardID">
									<xsl:value-of select="."/>
								</xsl:variable>
								<xsl:choose>
									<xsl:when test="(($TCardID != '')) ">
										<xsl:choose>
											<!-- When Customer Id is matched -->
											<xsl:when test="//Application/Customers/Customer[CustomerID = $TCardID] ">
												<TransactionCustomers>
													<Customer>
														<xsl:attribute name="CustomerName"><xsl:value-of select="//Application/Customers/Customer[CustomerID = $TCardID]/CustomerName"/></xsl:attribute>
														<CustomerID>
															<xsl:value-of select="$TCardID"/>
														</CustomerID>
														<TransactionAccountHolder>-1</TransactionAccountHolder>
													</Customer>
												</TransactionCustomers>
											</xsl:when>
											<xsl:otherwise>
												<!-- When Customer Id is not matched - Create New Tag in XML -->
												<TransactionCustomers>
													<Customer CustomerName="">
														<CustomerID/>
														<TransactionAccountHolder>0</TransactionAccountHolder>
													</Customer>
												</TransactionCustomers>
											</xsl:otherwise>
										</xsl:choose>
									</xsl:when>
									<xsl:otherwise>
										<!-- When TransactionAccountHolderCustID is Empty - Create New Tag in XML -->
										<TransactionCustomers>
											<Customer CustomerName="">
												<CustomerID/>
												<TransactionAccountHolder>0</TransactionAccountHolder>
											</Customer>
										</TransactionCustomers>
									</xsl:otherwise>
								</xsl:choose>
							</xsl:when>
							<xsl:when test="name(.)='TransactionAccountHolder'"/>
							<xsl:otherwise>
								<xsl:copy-of select="."/>
							</xsl:otherwise>
						</xsl:choose>
					</xsl:for-each>
				</xsl:copy>
			</xsl:template>
		</xsl:stylesheet>
	</Upgrade>
	<Upgrade from="5.0.4" to="5.0.5" upgradeMsgId="42">
		<xsl:stylesheet version="1.0" xmlns:xsl="http://www.w3.org/1999/XSL/Transform" exclude-result-prefixes="xml">
			<!--<xsl:output omit-xml-declaration="yes"/>-->
			<xsl:template match="*">
				<xsl:copy>
					<xsl:copy-of select="@*"/>
					<xsl:apply-templates/>
				</xsl:copy>
			</xsl:template>
			<xsl:template match="Application">
				<xsl:copy>
					<xsl:copy-of select="@*"/>
					<xsl:apply-templates/>
				</xsl:copy>
			</xsl:template>
			<xsl:template match="Packages">
				<xsl:copy>
					<xsl:copy-of select="@*"/>
					<xsl:for-each select="*">
						<xsl:choose>
							<xsl:when test="name(.)='AssuredConsentToBeConsidered'">
								<xsl:copy-of select="."/>
								<RequireCreditCard/>
							</xsl:when>
							<xsl:otherwise>
								<xsl:copy-of select="."/>
							</xsl:otherwise>
						</xsl:choose>
					</xsl:for-each>
				</xsl:copy>
			</xsl:template>
		</xsl:stylesheet>
	</Upgrade>
	<Upgrade from="5.0.3" to="5.0.4" upgradeMsgId="41">
		<xsl:stylesheet version="1.0" xmlns:xsl="http://www.w3.org/1999/XSL/Transform" exclude-result-prefixes="xml">
			<xsl:template match="*">
				<xsl:copy>
					<xsl:copy-of select="@*"/>
					<xsl:apply-templates/>
				</xsl:copy>
			</xsl:template>
			<xsl:template match="Application">
				<xsl:copy>
					<xsl:copy-of select="@*"/>
					<xsl:apply-templates/>
				</xsl:copy>
			</xsl:template>
			<xsl:template match="Customer">
				<xsl:copy>
					<xsl:copy-of select="@*"/>
					<xsl:for-each select="*">
						<xsl:choose>
							<xsl:when test="name(.)='TaxResidentAustralia'">
								<TaxResidentAustralia/>
							</xsl:when>
							<xsl:when test="name(.)='TaxResidents'">
								<TaxResidents/>
							</xsl:when>
							<xsl:otherwise>
								<xsl:copy-of select="."/>
							</xsl:otherwise>
						</xsl:choose>
					</xsl:for-each>
				</xsl:copy>
			</xsl:template>
			<xsl:template match="Asset[@TypeDescription != 'Deposit' ] ">
				<xsl:variable name="ChkAssetType">
					<xsl:value-of select="AssetType/text()"/>
				</xsl:variable>
				<xsl:variable name="AssetAddrID">
					<xsl:value-of select="AssetLinkedPropAddr"/>
				</xsl:variable>
				<xsl:copy>
					<xsl:copy-of select="@*"/>
					<xsl:for-each select="*">
						<xsl:attribute name="valid_AssetPropertyType"/>
						<xsl:attribute name="valid_AssetPropertyUse"/>
						<xsl:attribute name="valid_AssetLinkedPropAddr"/>
						<xsl:attribute name="valid_JointOwner"/>
						<xsl:attribute name="valid_AssetBankFinInstitution"/>
						<xsl:choose>
							<xsl:when test="name(.)='AssetDescription'">
								<xsl:choose>
									<xsl:when test="$ChkAssetType='003'">
										<xsl:choose>
											<xsl:when test="$AssetAddrID != '' ">
												<xsl:if test="//Application/Addresses/Address[AddressID = $AssetAddrID]">
													<AssetDescription>
														<xsl:value-of select="//Application/Addresses/Address[AddressID = $AssetAddrID]/@AddressDetails"/>
													</AssetDescription>
												</xsl:if>
											</xsl:when>
											<xsl:otherwise>
												<xsl:copy-of select="."/>
											</xsl:otherwise>
										</xsl:choose>
									</xsl:when>
									<xsl:otherwise>
										<xsl:copy-of select="."/>
									</xsl:otherwise>
								</xsl:choose>
							</xsl:when>
							<xsl:otherwise>
								<xsl:copy-of select="."/>
							</xsl:otherwise>
						</xsl:choose>
					</xsl:for-each>
				</xsl:copy>
			</xsl:template>
			<xsl:template match="Liability">
				<xsl:copy>
					<xsl:copy-of select="@*"/>
					<xsl:for-each select="*">
						<xsl:attribute name="LinkedPropertyAssetDescription"/>
						<xsl:attribute name="valid_LiabBankFinInstitution"/>
						<xsl:attribute name="LiabBankFinInstitutionDescription"/>
						<xsl:attribute name="valid_MthlyExp"/>
						<xsl:attribute name="valid_LinkedPropertyAsset"/>
						<xsl:copy-of select="."/>
					</xsl:for-each>
				</xsl:copy>
			</xsl:template>
			<xsl:template match="Security">
				<xsl:variable name="SecType">
					<xsl:value-of select="SecurityType"/>
				</xsl:variable>
				<xsl:variable name="CSV">
					<xsl:value-of select="CustomerStatedValue"/>
				</xsl:variable>
				<xsl:copy>
					<xsl:copy-of select="@*"/>
					<xsl:for-each select="*">
						<xsl:choose>
							<xsl:when test="$SecType ='B' ">
								<xsl:attribute name="Value"><xsl:choose><xsl:when test="$CSV > 0 "><xsl:value-of select="concat('$',format-number($CSV,'##,##,##,###'))"/></xsl:when><xsl:otherwise><xsl:value-of select="concat('$',($CSV))"/></xsl:otherwise></xsl:choose></xsl:attribute>
								<xsl:copy-of select="."/>
							</xsl:when>
							<xsl:otherwise>
								<xsl:copy-of select="."/>
							</xsl:otherwise>
						</xsl:choose>
					</xsl:for-each>
				</xsl:copy>
			</xsl:template>
		</xsl:stylesheet>
	</Upgrade>
	<Upgrade from="5.0.2" to="5.0.3" upgradeMsgId="40"/>
	<Upgrade from="5.0.1" to="5.0.2" upgradeMsgId="39"/>
	<Upgrade from="5.0" to="5.0.1" upgradeMsgId="38"/>
	<Upgrade from="4.2.1" to="5.0" upgradeMsgId="37">
		<xsl:stylesheet version="1.0" xmlns:xsl="http://www.w3.org/1999/XSL/Transform" exclude-result-prefixes="xml">
			<xsl:template match="*">
				<xsl:copy>
					<xsl:copy-of select="@*"/>
					<xsl:apply-templates/>
				</xsl:copy>
			</xsl:template>
			<xsl:template match="Application">
				<xsl:copy>
					<xsl:copy-of select="@*"/>
					<xsl:apply-templates/>
				</xsl:copy>
			</xsl:template>
			<xsl:template match="Customer">
				<xsl:variable name="TMartialStat">
					<xsl:value-of select="MaritalStatus/text()"/>
				</xsl:variable>
				<xsl:variable name="TPR">
					<xsl:value-of select="PermanentResident/text()"/>
				</xsl:variable>
				<xsl:variable name="TNewR">
					<xsl:value-of select="NewResident/text()"/>
				</xsl:variable>
				<xsl:variable name="TNonR">
					<xsl:value-of select="NonResident/text()"/>
				</xsl:variable>
				<xsl:copy>
					<xsl:copy-of select="@*"/>
					<xsl:for-each select="*">
						<xsl:choose>
							<xsl:when test="name(.)='SpouseName'">
								<xsl:choose>
									<xsl:when test="($TMartialStat='M')">
										<SpouseName>Not In Application</SpouseName>
										<SpouseID>0</SpouseID>
									</xsl:when>
									<xsl:otherwise>
										<SpouseID/>
										<xsl:copy-of select="."/>
									</xsl:otherwise>
								</xsl:choose>
							</xsl:when>
							<xsl:when test="name(.)='AgeOfDependents'">
								<xsl:copy-of select="."/>
								<xsl:choose>
									<xsl:when test="($TPR='-1')">
										<ResidentStatus>PermanentResident</ResidentStatus>
									</xsl:when>
								</xsl:choose>
								<xsl:choose>
									<xsl:when test="($TNewR='-1')">
										<ResidentStatus>PermanentResident</ResidentStatus>
									</xsl:when>
								</xsl:choose>
								<xsl:choose>
									<xsl:when test="($TNonR='-1') ">
										<ResidentStatus>NonResident</ResidentStatus>
									</xsl:when>
									<xsl:otherwise>
										<xsl:if test="($TPR ='0') and ($TNewR='0') and ($TNonR='0')">
											<ResidentStatus/>
										</xsl:if>
									</xsl:otherwise>
								</xsl:choose>
								<VisaSubclass/>
								<SignFinancecialCircumst/>
								<PreferredContact/>
								<EmailAddressPreferred/>
							</xsl:when>
							<xsl:when test="name(.)='FIRBApprovalHeld'">
								<xsl:copy-of select="."/>
								<ServiceGuarantor/>
								<FinancialAdvReq/>
								<LegalAdvReq/>
								<FinancialLegalAdvReq/>
								<CustomerNatureOfChange/>
								<OtherCustomerNatureOfChange/>
								<CustomerMitigants/>
								<OtherCustomerMitigants/>
								<ExistingANZCustomer/>
								<ExistingCustomerAccountNumber/>
							</xsl:when>
							<xsl:when test="name(.)='CustomerEmployments'">
								<CustomerEmployments>
									<xsl:for-each select="EmploymentDetails">
										<xsl:copy>
											<xsl:copy-of select="@*"/>
											<xsl:for-each select="*">
												<xsl:choose>
													<xsl:when test="name(.)='EmployerAddress3'">
														<xsl:copy-of select="."/>
														<EmployerOverseasAddress/>
														<EmployerCountry/>
														<EmployerCity/>
														<EmployerState/>
														<EmployerPostcode/>
													</xsl:when>
													<xsl:otherwise>
														<xsl:copy-of select="."/>
													</xsl:otherwise>
												</xsl:choose>
											</xsl:for-each>
										</xsl:copy>
									</xsl:for-each>
								</CustomerEmployments>
								<RelationshipPrimaryBorrower/>
							</xsl:when>
							<!-- <xsl:when test="name(.)='TaxResidentAustralia'">
								<TaxResidentAustralia/>
							</xsl:when>
							<xsl:when test="name(.)='TaxResidents'">
								<TaxResidents>												
								</TaxResidents>	
							</xsl:when> -->
							<xsl:otherwise>
								<xsl:copy-of select="."/>
							</xsl:otherwise>
						</xsl:choose>
					</xsl:for-each>
				</xsl:copy>
			</xsl:template>
			<xsl:template match="Solicitors">
				<xsl:choose>
					<xsl:when test="string-length(normalize-space(//Solicitor/SolicitorID/text())) &gt;0">
						<xsl:copy-of select="Solicitor"/>
					</xsl:when>
					<xsl:otherwise>
						<Solicitor valid_AddressLine1="../images/blue_asteric.gif" valid_CityStatePCComb="../images/blue_asteric.gif" valid_City="../images/blue_asteric.gif" valid_State="../images/blue_asteric.gif" valid_Postcode="../images/blue_asteric.gif" valid="1" validimg="../images/empty_cross.gif">
							<SolicitorID/>
							<SolicitorName/>
							<CompanyName/>
							<AddressLine1/>
							<AddressLine2/>
							<AddressLine3/>
							<City/>
							<State/>
							<Postcode/>
							<PhoneNumber/>
							<FaxNumber/>
						</Solicitor>
					</xsl:otherwise>
				</xsl:choose>
			</xsl:template>
			<xsl:variable name="default-org">
				<AssetPropertyType/>
				<AssetPropertyZoning/>
				<AssetPropertyUse/>
				<AssetLinkedPropAddr/>
				<AssetBankFinInstitution/>
				<AssetMonthlyIncome>0</AssetMonthlyIncome>
				<OwneshipProportion/>
			</xsl:variable>
			<xsl:template match="Asset[@TypeDescription != 'Deposit' ] ">
				<xsl:variable name="ChkAssetType">
					<xsl:value-of select="AssetType/text()"/>
				</xsl:variable>
				<xsl:copy>
					<xsl:copy-of select="@*"/>
					<xsl:for-each select="*">
						<xsl:attribute name="valid_AssetPropertyType"/>
						<xsl:attribute name="valid_AssetPropertyUse"/>
						<xsl:attribute name="valid_AssetLinkedPropAddr"/>
						<xsl:attribute name="valid_JointOwner"/>
						<xsl:attribute name="valid_AssetBankFinInstitution"/>
						<xsl:choose>
							<xsl:when test="name(.)='AssetDescription'">
								<xsl:choose>
									<xsl:when test="$ChkAssetType='003'">
										<AssetDescription/>
									</xsl:when>
									<xsl:otherwise>
										<xsl:copy-of select="."/>
									</xsl:otherwise>
								</xsl:choose>
							</xsl:when>
							<xsl:when test="name(.)='AssetValue'">
								<xsl:copy-of select="."/>
								<xsl:copy-of select="$default-org"/>
							</xsl:when>
							<xsl:otherwise>
								<xsl:copy-of select="."/>
							</xsl:otherwise>
						</xsl:choose>
					</xsl:for-each>
				</xsl:copy>
			</xsl:template>
			<xsl:template match="Asset[@TypeDescription = 'Deposit' ] ">
				<xsl:copy>
					<xsl:copy-of select="@*"/>
					<xsl:apply-templates select="*|node()"/>
					<xsl:copy-of select="$default-org"/>
				</xsl:copy>
			</xsl:template>
			<xsl:template match="Asset/AssetType">
				<xsl:attribute name="valid_AssetPropertyType"/>
				<xsl:attribute name="valid_AssetPropertyUse"/>
				<xsl:attribute name="valid_AssetLinkedPropAddr"/>
				<xsl:attribute name="valid_JointOwner"/>
				<xsl:attribute name="TypeDescription"><xsl:text>Other</xsl:text></xsl:attribute>
				<xsl:element name="AssetType">
					<xsl:text>008</xsl:text>
				</xsl:element>
			</xsl:template>
			<xsl:template match="Liability">
				<xsl:copy>
					<xsl:copy-of select="@*"/>
					<xsl:for-each select="*">
						<xsl:attribute name="LinkedPropertyAssetDescription"/>
						<xsl:attribute name="valid_LiabBankFinInstitution"/>
						<xsl:attribute name="LiabBankFinInstitutionDescription"/>
						<xsl:attribute name="valid_MthlyExp"/>
						<xsl:attribute name="valid_LinkedPropertyAsset"/>
						<xsl:choose>
							<xsl:when test="name(.)='BreakFreeCardType'">
								<xsl:copy-of select="."/>
								<RemainLoanTermMonths>0</RemainLoanTermMonths>
								<LinkedPropertyAsset/>
								<LiabBankFinInstitution/>
								<TermLoan>0</TermLoan>
							</xsl:when>
							<xsl:otherwise>
								<xsl:copy-of select="."/>
							</xsl:otherwise>
						</xsl:choose>
					</xsl:for-each>
				</xsl:copy>
			</xsl:template>
			<xsl:template match="Income[@TypeDescription != 'Rental' and @TypeDescription != 'Interest' and @TypeDescription != 'Dividends'  ] ">
				<xsl:copy>
					<xsl:copy-of select="@*"/>
					<xsl:for-each select="*">
						<xsl:copy-of select="."/>
					</xsl:for-each>
				</xsl:copy>
			</xsl:template>
			<xsl:template match="Income[@TypeDescription = 'Rental' or @TypeDescription = 'Interest' or @TypeDescription = 'Dividends' ] ">
				<xsl:copy>
					<xsl:copy-of select="@*"/>
					<xsl:apply-templates select="*|node()"/>
				</xsl:copy>
			</xsl:template>
			<xsl:template match="Income/IncomeType">
				<xsl:attribute name="TypeDescription"><xsl:text>Other</xsl:text></xsl:attribute>
				<xsl:element name="IncomeType">
					<xsl:text>011</xsl:text>
				</xsl:element>
			</xsl:template>
			<xsl:template match="Expense[@TypeDescription != 'Total Living Expenses' and @TypeDescription != 'Other Commitments' and @TypeDescription != 'Rent/Board' ] ">
				<xsl:copy>
					<xsl:copy-of select="@*"/>
					<xsl:for-each select="*">
						<xsl:copy-of select="."/>
					</xsl:for-each>
				</xsl:copy>
			</xsl:template>
			<xsl:template match="Expense[@TypeDescription = 'Total Living Expenses' and @TypeDescription = 'Other Commitments' ] ">
				<xsl:copy>
					<xsl:copy-of select="@*"/>
					<xsl:apply-templates select="*|node()"/>
				</xsl:copy>
			</xsl:template>
			<xsl:template match="Expense[@TypeDescription = 'Rent/Board'] ">
				<xsl:copy>
					<xsl:copy-of select="@*"/>
					<xsl:attribute name="TypeDescription"><xsl:text>Rent</xsl:text></xsl:attribute>
					<xsl:for-each select="*">
						<xsl:choose>
							<xsl:when test="name(.)='ExpenseType'">
								<ExpenseType>031</ExpenseType>
							</xsl:when>
							<xsl:otherwise>
								<xsl:copy-of select="."/>
							</xsl:otherwise>
						</xsl:choose>
					</xsl:for-each>
				</xsl:copy>
			</xsl:template>
			<xsl:template match="Expense/ExpenseType">
				<xsl:attribute name="TypeDescription"><xsl:text>Other Commitments</xsl:text></xsl:attribute>
				<xsl:element name="ExpenseType">
					<xsl:text>019</xsl:text>
				</xsl:element>
			</xsl:template>
			<xsl:template match="Security">
				<xsl:copy>
					<xsl:copy-of select="@*"/>
					<xsl:for-each select="*">
						<xsl:choose>
							<xsl:when test="name(.)='PropertyZoning'">
								<xsl:variable name="PZ">
									<xsl:value-of select="."/>
								</xsl:variable>
								<xsl:choose>
									<xsl:when test="$PZ='O' or $PZ='L' or $PZ='X' ">
										<PropertyZoning/>
									</xsl:when>
									<xsl:otherwise>
										<xsl:copy-of select="."/>
									</xsl:otherwise>
								</xsl:choose>
							</xsl:when>
							<xsl:when test="name(.)='TransferOfLandValue'">
								<xsl:copy-of select="."/>
								<SecurityLimitedValue>0</SecurityLimitedValue>
							</xsl:when>
							<xsl:when test="name(.)='PropertyType'">
								<PropertyType/>
							</xsl:when>
							<xsl:when test="name(.)='GuaranteeAmount'">
								<xsl:copy-of select="."/>
								<SecGuaranteeType/>
								<SecFloorAreaLand>0</SecFloorAreaLand>
								<SecRentalIncome>0</SecRentalIncome>
							</xsl:when>
							<xsl:when test="name(.)='SecurityLands'">
								<xsl:copy-of select="."/>
								<SecurityTBASubUrb/>
								<SecurityTBAState/>
								<SecurityTBAPostCode/>
							</xsl:when>
							<xsl:when test="name(.)='ConstructionDetails'">
								<xsl:copy-of select="."/>
								<!-- <BuildContractAmount>0</BuildContractAmount> -->
							</xsl:when>
							<xsl:otherwise>
								<xsl:copy-of select="."/>
							</xsl:otherwise>
						</xsl:choose>
					</xsl:for-each>
				</xsl:copy>
			</xsl:template>
			<xsl:template match="Packages">
				<xsl:copy>
					<xsl:copy-of select="@*"/>
					<xsl:for-each select="*">
						<xsl:choose>
							<xsl:when test="name(.)='PrimaryCardHolder'">
								<xsl:choose>
									<xsl:when test=" //Application/Packages/PrimaryCardHolder!= '' ">
										<xsl:variable name="ChkName">
											<xsl:value-of select=" //Application/Packages/PrimaryCardHolder"/>
										</xsl:variable>
										<PrimaryCardHolderName>
											<xsl:value-of select=" $ChkName"/>
										</PrimaryCardHolderName>
										<PrimaryCardHolder>
											<xsl:if test="//Application/Customers/Customer[CustomerName = $ChkName]">
												<xsl:value-of select=" //Application/Customers/Customer/CustomerID"/>
											</xsl:if>
										</PrimaryCardHolder>
									</xsl:when>
									<xsl:otherwise>
										<xsl:copy-of select="."/>
									</xsl:otherwise>
								</xsl:choose>
							</xsl:when>
							<xsl:when test="name(.)='AdditionalCardHolder'">
								<xsl:choose>
									<xsl:when test=" //Application/Packages/AdditionalCardHolder != '' ">
										<xsl:variable name="PCHName">
											<xsl:value-of select=" //Application/Packages/PrimaryCardHolder"/>
										</xsl:variable>
										<xsl:variable name="ACHName">
											<xsl:value-of select="//Application/Packages/AdditionalCardHolder"/>
										</xsl:variable>
										<xsl:choose>
											<xsl:when test="((//Application/Customers/Customer[CustomerName = $ACHName]) and ($ACHName != $PCHName)) ">
												<AdditionalCardHolder>
													<xsl:value-of select="//Application/Packages/AdditionalCardHolder"/>
												</AdditionalCardHolder>
												<AdditionalCardHolderCustID>
													<xsl:value-of select="//Application/Customers/Customer[CustomerName = $ACHName]/CustomerID"/>
												</AdditionalCardHolderCustID>
											</xsl:when>
											<xsl:otherwise>
												<AdditionalCardHolder>Not In Application</AdditionalCardHolder>
												<AdditionalCardHolderCustID>0</AdditionalCardHolderCustID>
											</xsl:otherwise>
										</xsl:choose>
									</xsl:when>
									<xsl:otherwise>
										<xsl:copy-of select="."/>
									</xsl:otherwise>
								</xsl:choose>
								<AdditionalCardHolderTitle/>
								<AdditionalCardHolderFirstName/>
								<AdditionalCardHolderMiddleName/>
								<AdditionalCardHolderSurname/>
								<AdditionalCardHolderDateOfBirth/>
							</xsl:when>
							<xsl:when test="name(.)='QantasCardNumber'">
								<xsl:copy-of select="."/>
								<AccountType/>
								<AccountNumber/>
								<ChargeFeeToThisAccount/>
								<TransactionAccountHolderCustID/>
								<TransactionAccountHolder/>
							</xsl:when>
							<xsl:otherwise>
								<xsl:copy-of select="."/>
							</xsl:otherwise>
						</xsl:choose>
					</xsl:for-each>
				</xsl:copy>
			</xsl:template>
			<xsl:template match="Address">
				<xsl:copy>
					<xsl:copy-of select="@*"/>
					<xsl:for-each select="*">
						<xsl:choose>
							<xsl:when test="name(.)='StreetType' ">
								<xsl:variable name="StreeTypeName">
									<xsl:value-of select="."/>
								</xsl:variable>
								<xsl:choose>
									<xsl:when test="$StreeTypeName='CN'  or $StreeTypeName='N' or $StreeTypeName='NE'  or $StreeTypeName='NW' or $StreeTypeName='SWY' or $StreeTypeName='S' or $StreeTypeName='SE' or $StreeTypeName='SW'">
										<StreetType/>
									</xsl:when>
									<xsl:otherwise>
										<xsl:copy-of select="."/>
									</xsl:otherwise>
								</xsl:choose>
							</xsl:when>
							<xsl:otherwise>
								<xsl:copy-of select="."/>
							</xsl:otherwise>
						</xsl:choose>
					</xsl:for-each>
				</xsl:copy>
			</xsl:template>
		</xsl:stylesheet>
	</Upgrade>
	<Upgrade from="4.2" to="4.2.1" upgradeMsgId="35"/>
	<Upgrade from="4.1" to="4.2" upgradeMsgId="34"/>
	<Upgrade from="4.0" to="4.1" upgradeMsgId="33"/>
	<Upgrade from="3.9.2" to="4.0" upgradeMsgId="32">
		<xsl:stylesheet version="1.0" xmlns:xsl="http://www.w3.org/1999/XSL/Transform" exclude-result-prefixes="xml">
			<xsl:template match="*">
				<xsl:copy>
					<xsl:copy-of select="@*"/>
					<xsl:apply-templates/>
				</xsl:copy>
			</xsl:template>
			<xsl:template match="Application">
				<xsl:copy>
					<xsl:copy-of select="@*"/>
					<xsl:apply-templates/>
				</xsl:copy>
			</xsl:template>
			<xsl:template match="Customer">
				<xsl:copy>
					<xsl:copy-of select="@*"/>
					<xsl:for-each select="*">
						<xsl:choose>
							<xsl:when test="name(.)='CustomerEmployments'">
								<xsl:copy-of select="."/>
								<TaxResidentAustralia/>
								<TaxResidents/>
							</xsl:when>
							<xsl:otherwise>
								<xsl:copy-of select="."/>
							</xsl:otherwise>
						</xsl:choose>
					</xsl:for-each>
				</xsl:copy>
			</xsl:template>
			<xsl:template match="Packages">
				<xsl:copy>
					<xsl:copy-of select="@*"/>
					<xsl:for-each select="*">
						<xsl:choose>
							<xsl:when test="name(.)='CreditCardType'">
								<xsl:copy-of select="."/>
								<RequireANZAssuredFacility/>
								<AssuredCoverTemporaryExpense/>
								<AssuredFacilitySelected/>
								<AssuredConsentToBeConsidered/>
							</xsl:when>
							<xsl:otherwise>
								<xsl:copy-of select="."/>
							</xsl:otherwise>
						</xsl:choose>
					</xsl:for-each>
				</xsl:copy>
			</xsl:template>
		</xsl:stylesheet>
	</Upgrade>
	<Upgrade from="3.9.1" to="3.9.2" upgradeMsgId="31"/>
	<Upgrade from="3.9" to="3.9.1" upgradeMsgId="30"/>
	<Upgrade from="3.8.3" to="3.9" upgradeMsgId="29">
		<xsl:stylesheet version="1.0" xmlns:xsl="http://www.w3.org/1999/XSL/Transform" exclude-result-prefixes="xml">
			<xsl:output omit-xml-declaration="yes"/>
			<xsl:template match="*">
				<xsl:copy>
					<xsl:copy-of select="@*"/>
					<xsl:apply-templates/>
				</xsl:copy>
			</xsl:template>
			<xsl:template match="Application">
				<xsl:copy>
					<xsl:copy-of select="@*"/>
					<xsl:apply-templates/>
				</xsl:copy>
			</xsl:template>
			<xsl:template match="Packages">
				<xsl:copy>
					<xsl:copy-of select="@*"/>
					<xsl:for-each select="*">
						<xsl:choose>
							<xsl:when test="name(.)='AnzBlockCardDec'">
								<xsl:copy-of select="."/>
								<CreditCardType/>
							</xsl:when>
							<xsl:otherwise>
								<xsl:copy-of select="."/>
							</xsl:otherwise>
						</xsl:choose>
					</xsl:for-each>
				</xsl:copy>
			</xsl:template>
		</xsl:stylesheet>
	</Upgrade>
	<Upgrade from="3.8.2" to="3.8.3" upgradeMsgId="28"/>
	<Upgrade from="3.8.1" to="3.8.2" upgradeMsgId="27"/>
	<Upgrade from="3.8" to="3.8.1" upgradeMsgId="26"/>
	<Upgrade from="3.7.1" to="3.8" upgradeMsgId="25"/>
	<Upgrade from="3.7" to="3.7.1" upgradeMsgId="24"/>
	<Upgrade from="3.6.1" to="3.7" upgradeMsgId="23">
		<xsl:stylesheet version="1.0" xmlns:xsl="http://www.w3.org/1999/XSL/Transform" exclude-result-prefixes="xml">
			<xsl:output omit-xml-declaration="yes"/>
			<xsl:template match="*">
				<xsl:copy>
					<xsl:copy-of select="@*"/>
					<xsl:apply-templates/>
				</xsl:copy>
			</xsl:template>
			<xsl:template match="@*|node()">
				<xsl:copy>
					<xsl:apply-templates select="@*|node()"/>
				</xsl:copy>
			</xsl:template>
			<xsl:template match="Application">
				<Application>
					<xsl:apply-templates select="@*|*"/>
					<!-- New BreakFree-->
					<xsl:if test="(@DiscountPack = 'PSPW')">
						<Packages>
							<HaveBreakFreePackage>-2</HaveBreakFreePackage>
							<UseExistingPackage/>
							<RequireNewPackage>-1</RequireNewPackage>
							<DiscountPackage>PSPW</DiscountPackage>
							<DiscountPackageDescription>New Breakfree</DiscountPackageDescription>
							<PrimaryCardHolder/>
							<AdditionalCardHolder/>
							<xsl:choose>
								<xsl:when test="(//Purposes/Purpose/Products/Product/BreakFreeCard = 'Existing Card - Change to Platinum')">
									<BreakFreeType>Existing Card - Change to Platinum or Black</BreakFreeType>
								</xsl:when>
								<xsl:when test="(//Purposes/Purpose/Products/Product/BreakFreeCard != 'Existing Card - Change to Platinum')">
									<BreakFreeType>
										<xsl:value-of select="//Purposes/Purpose/Products/Product/BreakFreeCard"/>
									</BreakFreeType>
								</xsl:when>
								<xsl:otherwise>
									<BreakFreeType/>
								</xsl:otherwise>
							</xsl:choose>
							<BreakFreeCard/>
							<BreakFreeAmount>
								<xsl:choose>
									<xsl:when test="(//Purposes/Purpose/Products/Product/BreakFreeCardLimit)">
										<xsl:if test="//Purposes/Purpose/Products/Product/BreakFreeCardLimit = ''">0</xsl:if>
										<xsl:if test="//Purposes/Purpose/Products/Product/BreakFreeCardLimit != ''">
											<xsl:value-of select="//Purposes/Purpose/Products/Product/BreakFreeCardLimit"/>
										</xsl:if>
									</xsl:when>
									<xsl:otherwise>0</xsl:otherwise>
								</xsl:choose>
							</BreakFreeAmount>
							<QantasCardNumber/>
							<AnzBlockCardDec/>
						</Packages>
					</xsl:if>
					<!-- Existing BreakFree-->
					<xsl:if test="(@DiscountPack = 'PSPX')">
						<Packages>
							<xsl:choose>
								<xsl:when test="(//Purposes/Purpose/Products/Product/BreakFreeCard != 'Existing Card - No Change')">
									<HaveBreakFreePackage>-1</HaveBreakFreePackage>
									<UseExistingPackage>-2</UseExistingPackage>
									<RequireNewPackage>-1</RequireNewPackage>
									<DiscountPackage>PSPX</DiscountPackage>
									<DiscountPackageDescription>Existing Breakfree</DiscountPackageDescription>
									<PrimaryCardHolder/>
									<AdditionalCardHolder/>
									<xsl:choose>
										<xsl:when test="(//Purposes/Purpose/Products/Product/BreakFreeCard = 'Existing Card - Change to Platinum')">
											<BreakFreeType>Existing Card - Change to Platinum or Black</BreakFreeType>
										</xsl:when>
										<xsl:when test="(//Purposes/Purpose/Products/Product/BreakFreeCard != 'Existing Card - Change to Platinum')">
											<BreakFreeType>
												<xsl:value-of select="//Purposes/Purpose/Products/Product/BreakFreeCard"/>
											</BreakFreeType>
										</xsl:when>
										<xsl:otherwise>
											<BreakFreeType/>
										</xsl:otherwise>
									</xsl:choose>
									<BreakFreeCard/>
									<BreakFreeAmount>
										<xsl:choose>
											<xsl:when test="(//Purposes/Purpose/Products/Product/BreakFreeCardLimit)">
												<xsl:if test="//Purposes/Purpose/Products/Product/BreakFreeCardLimit = ''">0</xsl:if>
												<xsl:if test="//Purposes/Purpose/Products/Product/BreakFreeCardLimit != ''">
													<xsl:value-of select="//Purposes/Purpose/Products/Product/BreakFreeCardLimit"/>
												</xsl:if>
											</xsl:when>
											<xsl:otherwise>0</xsl:otherwise>
										</xsl:choose>
									</BreakFreeAmount>
									<QantasCardNumber/>
									<AnzBlockCardDec/>
								</xsl:when>
								<xsl:when test="(//Purposes/Purpose/Products/Product/BreakFreeCard = 'Existing Card - No Change')">
									<HaveBreakFreePackage>-1</HaveBreakFreePackage>
									<UseExistingPackage>-1</UseExistingPackage>
									<RequireNewPackage/>
									<DiscountPackage>PSPX</DiscountPackage>
									<DiscountPackageDescription>Existing Breakfree</DiscountPackageDescription>
									<PrimaryCardHolder/>
									<AdditionalCardHolder/>
									<BreakFreeType/>
									<BreakFreeCard/>
									<BreakFreeAmount>0</BreakFreeAmount>
									<QantasCardNumber/>
									<AnzBlockCardDec/>
								</xsl:when>
								<xsl:otherwise>
									<HaveBreakFreePackage/>
									<UseExistingPackage/>
									<RequireNewPackage/>
									<DiscountPackage/>
									<DiscountPackageDescription/>
									<PrimaryCardHolder/>
									<AdditionalCardHolder/>
									<BreakFreeType/>
									<BreakFreeCard/>
									<BreakFreeAmount>0</BreakFreeAmount>
									<QantasCardNumber/>
									<AnzBlockCardDec/>
								</xsl:otherwise>
							</xsl:choose>
						</Packages>
					</xsl:if>
					<!--Don't have the Packages -->
					<xsl:if test="(@DiscountPack = '')">
						<Packages>
							<HaveBreakFreePackage/>
							<UseExistingPackage/>
							<RequireNewPackage/>
							<DiscountPackage/>
							<DiscountPackageDescription/>
							<PrimaryCardHolder/>
							<AdditionalCardHolder/>
							<BreakFreeType/>
							<BreakFreeCard/>
							<BreakFreeAmount>0</BreakFreeAmount>
							<QantasCardNumber/>
							<AnzBlockCardDec/>
						</Packages>
					</xsl:if>
				</Application>
			</xsl:template>
			<xsl:template match="Product">
				<xsl:copy>
					<xsl:copy-of select="@*"/>
					<xsl:for-each select="*">
						<xsl:choose>
							<xsl:when test="name(.)='DiscountPackage'"/>
							<xsl:when test="name(.)='BreakFreeCard'"/>
							<xsl:when test="name(.)='BreakFreeCardLimit'"/>
							<xsl:otherwise>
								<xsl:copy-of select="."/>
							</xsl:otherwise>
						</xsl:choose>
					</xsl:for-each>
				</xsl:copy>
			</xsl:template>
		</xsl:stylesheet>
	</Upgrade>
	<Upgrade from="3.6" to="3.6.1" upgradeMsgId="22"/>
	<Upgrade from="3.5.7" to="3.6" upgradeMsgId="21">
		<xsl:stylesheet version="1.0" xmlns:xsl="http://www.w3.org/1999/XSL/Transform" exclude-result-prefixes="xml">
			<xsl:output omit-xml-declaration="yes"/>
			<xsl:template match="*">
				<xsl:copy>
					<xsl:copy-of select="@*"/>
					<xsl:apply-templates/>
				</xsl:copy>
			</xsl:template>
			<xsl:template match="Application">
				<xsl:copy>
					<xsl:copy-of select="@*"/>
					<xsl:apply-templates/>
				</xsl:copy>
			</xsl:template>
			<xsl:template match="Products">
				<xsl:copy>
					<xsl:copy-of select="@*"/>
					<xsl:for-each select="Product">
						<xsl:if test="SubProductCode!='HIC' and SubProductCode!='RN'">
							<xsl:copy>
								<xsl:copy-of select="@*"/>
								<xsl:for-each select="*">
									<xsl:copy-of select="."/>
								</xsl:for-each>
							</xsl:copy>
						</xsl:if>
					</xsl:for-each>
				</xsl:copy>
			</xsl:template>
		</xsl:stylesheet>
	</Upgrade>
	<Upgrade from="3.5.6" to="3.5.7" upgradeMsgId="20"/>
	<Upgrade from="3.5.5.1" to="3.5.6" upgradeMsgId="19"/>
	<Upgrade from="3.5.5" to="3.5.5.1" upgradeMsgId="18"/>
	<UpgradeMessages>
		<Message id="46">
			<xsl:stylesheet version="1.0" xmlns:xsl="http://www.w3.org/1999/XSL/Transform">
				<xsl:output method="html"/>
				<xsl:template match="*">
					<xsl:text>Please note that this upgrade includes changes to Statement of Position screen and Supporting Document Kit.&#13;</xsl:text>
					<xsl:text>With this upgrade existing expense types are updated to new LIXIV2 expense types. Please visit Expense screen to validate the information.</xsl:text>
				</xsl:template>
			</xsl:stylesheet>
		</Message>
		<Message id="45">
			<xsl:stylesheet version="1.0" xmlns:xsl="http://www.w3.org/1999/XSL/Transform">
				<xsl:output method="html"/>
				<xsl:template match="*">
					<xsl:text>Please note that this upgrade includes changes to Statement of Position screen and Supporting Document Kit.</xsl:text>
				</xsl:template>
			</xsl:stylesheet>
		</Message>
		<Message id="44">
			<xsl:stylesheet version="1.0" xmlns:xsl="http://www.w3.org/1999/XSL/Transform">
				<xsl:output method="html"/>
				<xsl:template match="*">
					<xsl:text>With the upgrade to version 5.0.7, the Supporting Document Kit has been changed. </xsl:text>
				</xsl:template>
			</xsl:stylesheet>
		</Message>
		<Message id="43">
			<xsl:stylesheet version="1.0" xmlns:xsl="http://www.w3.org/1999/XSL/Transform">
				<xsl:output method="html"/>
				<xsl:template match="*">
					<xsl:text>With the upgrade to version 5.0.6, the Supporting Document Kit and Package details Screen are changed. </xsl:text>
				</xsl:template>
			</xsl:stylesheet>
		</Message>
		<Message id="42">
			<xsl:stylesheet version="1.0" xmlns:xsl="http://www.w3.org/1999/XSL/Transform">
				<xsl:output method="html"/>
				<xsl:template match="*">
					<xsl:text>Please note that this upgrade includes changes related to Optional Credit Card and Supporting Document Kit. </xsl:text>
				</xsl:template>
			</xsl:stylesheet>
		</Message>
		<Message id="41">
			<xsl:stylesheet version="1.0" xmlns:xsl="http://www.w3.org/1999/XSL/Transform">
				<xsl:output method="html"/>
				<xsl:template match="*">
					<xsl:text>With the upgrade to version 5.0.4, some of the issues that were found in version 5.0.3 are addressed. </xsl:text>
				</xsl:template>
			</xsl:stylesheet>
		</Message>
		<Message id="40">
			<xsl:stylesheet version="1.0" xmlns:xsl="http://www.w3.org/1999/XSL/Transform">
				<xsl:output method="html"/>
				<xsl:template match="*">
					<xsl:text>Please note that there is no functionality change in this version upgrade.</xsl:text>
					<xsl:text>The change is to maintain the same eMOS version in Broker and Mobile Lender.</xsl:text>
				</xsl:template>
			</xsl:stylesheet>
		</Message>
		<Message id="39">
			<xsl:stylesheet version="1.0" xmlns:xsl="http://www.w3.org/1999/XSL/Transform">
				<xsl:output method="html"/>
				<xsl:template match="*">
					<!--<xsl:text>With the upgrade to version 5.0.2, some of the issues that were found in version 5.0.1 are addressed. </xsl:text>-->
					<xsl:text/>
				</xsl:template>
			</xsl:stylesheet>
		</Message>
		<Message id="38">
			<xsl:stylesheet version="1.0" xmlns:xsl="http://www.w3.org/1999/XSL/Transform">
				<xsl:output method="html"/>
				<xsl:template match="*">
					<!--<xsl:text>With the upgrade to version 5.0.1, some of the issues that were found in major version 5.0 are addressed. </xsl:text>-->
					<xsl:text/>
				</xsl:template>
			</xsl:stylesheet>
		</Message>
		<Message id="37">
			<xsl:stylesheet version="1.0" xmlns:xsl="http://www.w3.org/1999/XSL/Transform">
				<xsl:output method="html"/>
				<xsl:template match="*">
					<xsl:text>With the upgrade to version 5.0, the application will be capturing some additional information on various screens.&#13;Please go and verify the below mentioned screens and confirm the data is captured correctly.&#13;</xsl:text>
					<xsl:text>&#45;Customer details&#44;&#13;&#45;Security Details&#44;&#13;&#45;Packages and &#13;&#45;Statement of position.&#13;</xsl:text>
					<xsl:text>All the other functionalities remain the same.&#13;</xsl:text>
				</xsl:template>
			</xsl:stylesheet>
		</Message>
		<Message id="36">
			<xsl:stylesheet version="1.0" xmlns:xsl="http://www.w3.org/1999/XSL/Transform">
				<xsl:output method="html"/>
				<xsl:template match="*">
					<xsl:text>Please note that this upgrade includes changes related to eMOS UI Changes.&#13;</xsl:text>
					<xsl:text>All the other functionalities remain the same.</xsl:text>
				</xsl:template>
			</xsl:stylesheet>
		</Message>
		<Message id="35">
			<xsl:stylesheet version="1.0" xmlns:xsl="http://www.w3.org/1999/XSL/Transform">
				<xsl:output method="html"/>
				<xsl:template match="*">
					<xsl:text>Please note that this upgrade includes changes related to Breakdown of Living Expenses and Customer Interview Guide changes.&#13;</xsl:text>
					<xsl:text>All the other functionalities remain the same.</xsl:text>
				</xsl:template>
			</xsl:stylesheet>
		</Message>
		<Message id="34">
			<xsl:stylesheet version="1.0" xmlns:xsl="http://www.w3.org/1999/XSL/Transform">
				<xsl:output method="html"/>
				<xsl:template match="*">
					<xsl:text>Please note that this upgrade includes changes related to Customer Interview Guide.&#13;</xsl:text>
					<xsl:text>All the other functionalities remain the same.</xsl:text>
				</xsl:template>
			</xsl:stylesheet>
		</Message>
		<Message id="33">
			<xsl:stylesheet version="1.0" xmlns:xsl="http://www.w3.org/1999/XSL/Transform">
				<xsl:output method="html"/>
				<xsl:template match="*">
					<xsl:text>Please note that this upgrade includes changes related to MTV.&#13;</xsl:text>
					<xsl:text>All the other functionalities remain the same.</xsl:text>
				</xsl:template>
			</xsl:stylesheet>
		</Message>
		<Message id="32">
			<xsl:stylesheet version="1.0" xmlns:xsl="http://www.w3.org/1999/XSL/Transform">
				<xsl:output method="html"/>
				<xsl:template match="*">
					<xsl:text>Please note that this upgrade includes changes related to CRS and Breakfree changes.&#13;</xsl:text>
					<xsl:text>All the other functionalities remain the same.</xsl:text>
				</xsl:template>
			</xsl:stylesheet>
		</Message>
		<Message id="31">
			<xsl:stylesheet version="1.0" xmlns:xsl="http://www.w3.org/1999/XSL/Transform">
				<xsl:output method="html"/>
				<xsl:template match="*">
					<xsl:text>Please note that this upgrade includes changes related to Email id validation.&#13;</xsl:text>
					<xsl:text>All the other functionalities remain the same.</xsl:text>
				</xsl:template>
			</xsl:stylesheet>
		</Message>
		<Message id="30">
			<xsl:stylesheet version="1.0" xmlns:xsl="http://www.w3.org/1999/XSL/Transform">
				<xsl:output method="html"/>
				<xsl:template match="*">
					<xsl:text>Please note that this upgrade includes changes related to Supporting Document Kit and also introduces Credit Card product type.&#13;</xsl:text>
					<xsl:text>All the other functionalities remain the same.</xsl:text>
				</xsl:template>
			</xsl:stylesheet>
		</Message>
		<Message id="29">
			<xsl:stylesheet version="1.0" xmlns:xsl="http://www.w3.org/1999/XSL/Transform">
				<xsl:output method="html"/>
				<xsl:template match="*">
					<xsl:text>Please note that this upgrade includes changes related to Supporting Document Kit and also introduces Credit Card product type.&#13;</xsl:text>
					<xsl:text>All the other functionalities remain the same.</xsl:text>
				</xsl:template>
			</xsl:stylesheet>
		</Message>
		<Message id="28">
			<xsl:stylesheet version="1.0" xmlns:xsl="http://www.w3.org/1999/XSL/Transform">
				<xsl:output method="html"/>
				<xsl:template match="*">
					<xsl:text>Please note that this upgrade introduces changes to the Supporting Document Kit.&#13;</xsl:text>
					<xsl:text>All the other functionalities remain the same.</xsl:text>
				</xsl:template>
			</xsl:stylesheet>
		</Message>
		<Message id="27">
			<xsl:stylesheet version="1.0" xmlns:xsl="http://www.w3.org/1999/XSL/Transform">
				<xsl:output method="html"/>
				<xsl:template match="*">
					<xsl:text>Please note that this upgrade introduces changes to the Supporting Document Kit in the documents screen and also introduces ANZ Rewards Travel Adventures and ANZ Frequent Flyer Black Credit cards in Packages screen.&#13;</xsl:text>
					<xsl:text>All the other functionalities remain the same.</xsl:text>
				</xsl:template>
			</xsl:stylesheet>
		</Message>
		<Message id="26">
			<xsl:stylesheet version="1.0" xmlns:xsl="http://www.w3.org/1999/XSL/Transform">
				<xsl:output method="html"/>
				<xsl:template match="*">
					<xsl:text>Please note that this upgrade is to capture the Loan Purpose declaration in MIG screen and minor text updates in Statement of position, Full Application and in Support Document kit.&#13;</xsl:text>
					<xsl:text>All the other functionalities remain the same.</xsl:text>
				</xsl:template>
			</xsl:stylesheet>
		</Message>
		<Message id="25">
			<xsl:stylesheet version="1.0" xmlns:xsl="http://www.w3.org/1999/XSL/Transform">
				<xsl:output method="html"/>
				<xsl:template match="*">
					<xsl:text>Please note that this upgrade captures the Reason for Interest only of repayment preferences in MIG screen and corresponding changes to the Supporting Document kit. All other functionalities remain the same.</xsl:text>
				</xsl:template>
			</xsl:stylesheet>
		</Message>
		<Message id="24">
			<xsl:stylesheet version="1.0" xmlns:xsl="http://www.w3.org/1999/XSL/Transform">
				<xsl:output method="html"/>
				<xsl:template match="*">
					<xsl:text>Please note that this upgrade introduces minor changes related to Breakfree.</xsl:text>
				</xsl:template>
			</xsl:stylesheet>
		</Message>
		<Message id="23">
			<xsl:stylesheet version="1.0" xmlns:xsl="http://www.w3.org/1999/XSL/Transform">
				<xsl:output method="html"/>
				<xsl:template match="*">
					<xsl:text>
Please note that this upgrade introduces changes to the Supporting Document Kit in the documents screen and also introduces new Packages screen, to:
-- Apply Breakfree package
-- Captures Rewards and Black credit cards
					</xsl:text>
				</xsl:template>
			</xsl:stylesheet>
		</Message>
		<Message id="22">
			<xsl:stylesheet version="1.0" xmlns:xsl="http://www.w3.org/1999/XSL/Transform">
				<xsl:output method="html"/>
				<xsl:template match="*">
					<xsl:text>Please note that this upgrade only introduces the changes to the Supporting Document kit in the Document screen.All other funtionalities remain the same.</xsl:text>
				</xsl:template>
			</xsl:stylesheet>
		</Message>
		<Message id="21">
			<xsl:stylesheet version="1.0" xmlns:xsl="http://www.w3.org/1999/XSL/Transform">
				<xsl:output method="html"/>
				<xsl:template match="*">
					<xsl:text>Please note that with this version the Purpose and Product combinations are modified. Please check the 'Loan Details' screen and confirm that the data is proper.</xsl:text>
				</xsl:template>
			</xsl:stylesheet>
		</Message>
		<Message id="20">
			<xsl:stylesheet version="1.0" xmlns:xsl="http://www.w3.org/1999/XSL/Transform">
				<xsl:output method="html"/>
				<xsl:template match="*">
					<xsl:text>Please note that this upgrade only introduces the changes to the Supporting Document kit in the Document screen.All other funtionalities remain the same.</xsl:text>
				</xsl:template>
			</xsl:stylesheet>
		</Message>
		<Message id="19">
			<xsl:stylesheet version="1.0" xmlns:xsl="http://www.w3.org/1999/XSL/Transform">
				<xsl:output method="html"/>
				<xsl:template match="*">
					<xsl:text>Please note that there is no functionality change in this version upgrade.&#13;</xsl:text>
					<xsl:text>The change is having only supporting document kit changes to the Breakfree Credit Card Terms and Conditions sections in SDK.</xsl:text>
				</xsl:template>
			</xsl:stylesheet>
		</Message>
		<Message id="18">
			<xsl:stylesheet version="1.0" xmlns:xsl="http://www.w3.org/1999/XSL/Transform">
				<xsl:output method="html"/>
				<xsl:template match="*">
					<xsl:text>Please note that there is no functionality change in this version upgrade.</xsl:text>
					<xsl:text>The change is to remove the STATEMENT OF POSITION DECLARATION page from the SDK.</xsl:text>
				</xsl:template>
			</xsl:stylesheet>
		</Message>
	</UpgradeMessages>
</UpgradeConfig>
