<?xml version="1.0"?>
<SESSION><INVITATION_OPENED TIME="11:54 AM" DATE="Thursday, July 9, 2020" EVENT="A Remote Assistance invitation has been opened."/><CONNECTION_ESTABLISHED TIME="11:54 AM" DATE="Thursday, July 9, 2020" EVENT="A Remote Assistance connection has been established.">HelpAssistant</CONNECTION_ESTABLISHED><INCOMING_IP_ADDRESS TIME="11:54 AM" DATE="Thursday, July 9, 2020">10.157.29.154</INCOMING_IP_ADDRESS><EXPERT_REQUEST_CONTROL TIME="11:55 AM" DATE="Thursday, July 9, 2020" EVENT="Ferrer, Laarni has requested to share control of the computer."/><EXPERT_GRANTED_CONTROL TIME="11:55 AM" DATE="Thursday, July 9, 2020" EVENT="Ferrer, Laarni has been granted permission to share control of the computer."/><EXPERT_CONTROL_STARTED TIME="11:55 AM" DATE="Thursday, July 9, 2020" EVENT="Ferrer, Laarni is sharing control of the computer."/><EXPERT_CONTROL_ENDED TIME="12:12 PM" DATE="Thursday, July 9, 2020" EVENT="Ferrer, Laarni is not sharing control of the computer."/><CONNECTION_ENDED TIME="12:12 PM" DATE="Thursday, July 9, 2020" EVENT="The Remote Assistance connection has ended."/><INVITATION_CLOSED TIME="12:12 PM" DATE="Thursday, July 9, 2020" EVENT="A Remote Assistance invitation has been closed."/></SESSION>
