<MIG valid_IsRefinanceLoan=""  valid_IsPayoutQuoteFromOFI="" valid_IsChangeInFinancialStatus="" valid_ChangeInFinancialStatus="" valid_RepaymentPlan=""  valid_IsLoanForInvestment="" valid_IsInvestmentAsSecurity="" valid="" validimg="">
	<Objective/>
	<InterestRatePreference/>
	<RepaymentPreference/>
	<AccessToFundsPreference/>
	<Comments/>
	<IsRefinanceLoan>1</IsRefinanceLoan>
	<ReasonForRefinance/>
	<IsPayoutQuoteFromOFI>1</IsPayoutQuoteFromOFI>
	<CurrentOutstandingBalance>0</CurrentOutstandingBalance>
	<OFIRefinanceCost>0</OFIRefinanceCost>
	<TotalAmountToRefinance>0</TotalAmountToRefinance>
	<IsChangeInFinancialStatus>1</IsChangeInFinancialStatus>
	<ChangeInFinancialStatus/>
	<RepaymentPlan/>
	<IsLoanForInvestment>1</IsLoanForInvestment>
	<IsInvestmentAsSecurity>1</IsInvestmentAsSecurity>
</MIG>
